,average,code,reference,speed,travelTimeMinutes,type,score,c-Value,speedBucket
0,97,365636141,100,106,0.646,XDS,30,100.0,3
1,93,365706944,100,97,0.639,XDS,30,81.0,3
2,93,365706810,98,97,0.622,XDS,30,100.0,3
3,93,365706828,98,101,0.637,XDS,30,100.0,3
4,97,365636104,100,89,0.662,XDS,30,100.0,2
5,97,365636085,100,103,0.48,XDS,30,100.0,3
6,95,365673103,100,92,0.125,XDS,30,100.0,2
7,92,365706849,97,87,0.13,XDS,30,100.0,2
8,92,365706869,97,101,0.567,XDS,30,100.0,3
9,92,365706731,97,89,0.644,XDS,30,100.0,2
10,97,365744050,100,101,0.588,XDS,30,100.0,3
11,95,365744106,98,100,0.594,XDS,30,100.0,3
12,95,365744085,98,89,0.723,XDS,30,100.0,2
13,93,365706751,97,84,0.69,XDS,30,100.0,2
14,93,365706774,97,80,1.018,XDS,30,100.0,2
15,95,365706793,100,80,0.417,XDS,30,100.0,2
16,97,365744159,100,97,0.618,XDS,30,100.0,3
17,97,365744070,100,95,0.625,XDS,30,100.0,3
18,93,365706658,98,80,0.701,XDS,30,100.0,2
19,95,365744183,98,93,0.638,XDS,30,100.0,3
20,92,365760473,93,77,0.819,XDS,30,100.0,2
21,82,365760453,84,72,0.875,XDS,30,98.0,2
22,84,365722268,87,84,0.758,XDS,30,100.0,3
23,87,365722254,92,85,1.008,XDS,30,100.0,3
24,90,365737808,93,85,0.467,XDS,30,100.0,2
25,93,365760415,95,87,0.652,XDS,30,100.0,2
26,89,406802896,92,80,0.777,XDS,30,100.0,2
27,77,365737733,80,84,0.549,XDS,30,100.0,3
28,80,365737790,85,80,0.789,XDS,30,100.0,3
29,84,365737865,87,84,0.846,XDS,30,100.0,3
30,95,365706677,100,84,0.171,XDS,30,100.0,2
31,95,365744125,100,85,0.158,XDS,30,100.0,2
32,97,365744238,101,98,0.66,XDS,30,100.0,3
33,97,365744144,100,89,0.525,XDS,30,100.0,2
34,95,365706697,100,85,0.808,XDS,30,100.0,2
35,95,365706716,100,80,0.257,XDS,30,100.0,2
36,98,365744258,101,92,0.592,XDS,30,100.0,2
37,95,365707836,100,84,0.924,XDS,30,100.0,2
38,93,365707854,100,85,0.657,XDS,30,100.0,2
39,97,365744222,100,97,0.562,XDS,30,100.0,3
40,98,365744202,101,93,0.573,XDS,30,100.0,2
41,93,365707877,98,85,0.664,XDS,30,100.0,2
42,93,365707897,98,84,0.691,XDS,30,100.0,2
43,97,365744312,100,84,0.65,XDS,30,100.0,2
44,79,365613579,80,69,0.133,XDS,30,84.0,2
45,77,365681557,80,77,0.129,XDS,30,100.0,3
46,84,365744653,89,95,0.154,XDS,30,100.0,3
47,71,365630980,71,71,0.189,XDS,30,100.0,3
48,51,365744786,55,43,0.403,XDS,30,93.0,2
49,90,365744844,93,85,0.175,XDS,30,100.0,2
50,80,365648204,80,79,0.199,XDS,30,100.0,3
51,61,365727086,63,50,0.132,XDS,30,62.0,2
52,69,365650658,72,56,0.15,XDS,30,100.0,2
53,48,365637584,48,47,0.348,XDS,30,100.0,3
54,60,365687553,63,56,0.11,XDS,30,100.0,2
55,51,365757606,51,42,0.424,XDS,30,55.0,2
56,79,365683500,80,76,0.138,XDS,30,100.0,3
57,53,365631984,55,48,0.353,XDS,30,100.0,2
58,72,365744753,74,63,0.216,XDS,30,44.0,2
59,71,365744768,71,66,0.447,XDS,30,100.0,3
60,82,365744731,85,72,0.225,XDS,30,100.0,2
61,72,365738279,76,64,0.253,XDS,30,59.0,2
62,74,365673040,76,68,0.343,XDS,30,100.0,2
63,85,365616115,87,101,0.134,XDS,30,27.0,3
64,95,365707761,100,89,0.63,XDS,30,100.0,2
65,77,365744675,80,74,0.136,XDS,30,100.0,2
66,97,365719943,101,77,0.697,XDS,30,100.0,2
67,82,365662442,87,76,0.117,XDS,30,100.0,2
68,82,365668335,89,80,1.179,XDS,30,100.0,2
69,87,365725822,90,93,1.027,XDS,30,100.0,3
70,97,365647156,101,80,0.667,XDS,30,100.0,2
71,95,365647025,100,76,0.75,XDS,30,100.0,2
72,90,365633671,92,90,0.146,XDS,30,100.0,3
73,85,365731015,87,85,0.121,XDS,30,100.0,3
74,79,365726299,85,76,0.189,XDS,30,100.0,2
75,79,365651669,85,76,0.136,XDS,30,100.0,2
76,95,365707779,98,85,0.629,XDS,30,100.0,2
77,95,365707800,98,85,0.636,XDS,30,100.0,2
78,80,365713717,85,79,0.112,XDS,30,100.0,2
79,89,365663911,90,93,0.129,XDS,30,100.0,3
80,72,261187398,77,74,0.749,XDS,30,52.0,3
81,97,365647127,101,80,0.823,XDS,30,100.0,2
82,85,365706043,89,89,0.561,XDS,30,100.0,3
83,95,365707820,100,93,0.581,XDS,30,100.0,3
84,97,365707684,100,89,0.607,XDS,30,100.0,2
85,97,365647110,101,82,0.515,XDS,30,100.0,2
86,68,406796926,71,60,0.54,XDS,30,4.0,2
87,68,365744576,71,56,0.784,XDS,30,4.0,2
88,84,365630756,85,80,0.546,XDS,30,100.0,3
89,84,406796957,85,85,0.434,XDS,30,100.0,3
90,55,365663491,58,56,0.65,XDS,30,100.0,3
91,71,365716112,72,66,0.536,XDS,30,100.0,2
92,53,460605251,56,55,0.279,XDS,30,100.0,3
93,50,460599421,53,50,0.121,XDS,30,100.0,3
94,60,460599420,61,60,0.093,XDS,30,100.0,3
95,60,460605258,61,61,0.261,XDS,30,100.0,3
96,24,460605257,27,24,2.813,XDS,30,100.0,2
97,24,460603470,31,23,2.665,XDS,30,100.0,2
98,18,365659901,24,16,0.201,XDS,30,100.0,2
99,26,365619009,31,21,2.052,XDS,30,100.0,2
100,24,332675051,29,18,0.084,XDS,30,100.0,1
101,24,332675050,29,18,0.737,XDS,30,100.0,1
102,24,365706579,29,26,1.068,XDS,30,100.0,2
103,61,365751711,64,43,1.013,XDS,30,34.0,2
104,61,365751694,64,60,0.738,XDS,30,34.0,2
105,66,365751598,69,68,0.65,XDS,30,67.0,3
106,68,365738824,69,74,0.591,XDS,30,100.0,3
107,63,365738733,64,64,0.683,XDS,30,100.0,3
108,63,365738714,64,50,0.847,XDS,30,100.0,2
109,76,365738771,76,64,0.672,XDS,30,100.0,2
110,76,365738829,76,76,0.575,XDS,30,100.0,3
111,71,365751578,77,64,0.67,XDS,30,100.0,2
112,71,365751637,77,68,0.658,XDS,30,100.0,2
113,76,365738883,77,71,0.111,XDS,30,100.0,2
114,77,365738904,80,76,0.14,XDS,30,100.0,3
115,95,365707628,98,56,0.376,XDS,30,74.0,1
116,98,365627440,101,124,0.595,XDS,30,23.0,3
117,97,332760660,101,101,0.207,XDS,30,100.0,3
118,97,365707746,98,101,0.59,XDS,30,100.0,3
119,97,365707610,98,76,1.095,XDS,30,100.0,2
120,97,365627327,100,105,0.799,XDS,30,100.0,3
121,97,365627347,100,108,0.544,XDS,30,100.0,3
122,97,365707725,98,85,0.701,XDS,30,100.0,2
123,97,365647043,101,90,0.139,XDS,30,100.0,2
124,98,365646898,100,98,0.131,XDS,30,100.0,3
125,95,365647089,100,87,0.621,XDS,30,100.0,2
126,97,365707702,100,85,0.68,XDS,30,100.0,2
127,55,443275118,63,63,0.899,XDS,30,64.0,3
128,71,332866371,80,72,0.776,XDS,30,100.0,2
129,51,365684518,61,53,1.068,XDS,30,94.0,2
130,63,365684429,68,63,0.898,XDS,30,89.0,3
131,72,332472544,79,72,0.775,XDS,30,100.0,2
132,58,443278433,61,56,1.011,XDS,30,91.0,2
133,76,332451971,80,97,0.476,XDS,30,97.0,3
134,71,365636811,80,82,0.691,XDS,30,100.0,3
135,72,365636776,85,80,0.7,XDS,30,100.0,3
136,56,443275119,68,40,1.381,XDS,30,87.0,1
137,68,365636868,76,74,1.218,XDS,30,96.0,3
138,72,365704053,80,69,0.923,XDS,30,100.0,2
139,71,365685861,79,69,0.753,XDS,30,100.0,2
140,71,365704033,79,64,0.855,XDS,30,100.0,2
141,71,365685765,79,64,0.621,XDS,30,100.0,2
142,64,365732677,71,68,0.934,XDS,30,86.0,3
143,68,365732548,74,68,0.992,XDS,30,100.0,2
144,48,365732659,60,51,0.734,XDS,30,100.0,2
145,42,365639912,42,34,0.23,XDS,30,100.0,2
146,51,365668610,55,80,0.116,XDS,30,65.0,3
147,51,406789040,55,51,0.123,XDS,30,65.0,3
148,23,406789041,26,13,0.482,XDS,30,100.0,1
149,43,365744655,47,40,0.166,XDS,30,100.0,2
150,63,365727300,68,18,0.819,XDS,30,80.0,0
151,63,365732639,68,56,0.911,XDS,30,80.0,2
152,63,365656340,68,27,0.145,XDS,30,80.0,1
153,29,365727262,39,27,0.516,XDS,30,100.0,2
154,29,365656321,39,34,0.119,XDS,30,100.0,2
155,39,365764554,40,35,0.245,XDS,30,100.0,2
156,45,365764534,48,26,0.339,XDS,30,46.0,1
157,45,365647040,48,48,0.218,XDS,30,46.0,3
158,60,365727808,69,61,0.921,XDS,30,97.0,2
159,68,365727903,72,63,0.886,XDS,30,100.0,2
160,68,332472846,72,76,0.735,XDS,30,96.0,3
161,72,365627354,76,64,1.191,XDS,30,79.0,2
162,76,332845097,80,63,0.561,XDS,30,93.0,2
163,48,365773052,51,47,1.187,XDS,20,,2
164,69,365618913,72,47,1.213,XDS,30,60.0,2
165,69,365627365,74,69,0.798,XDS,30,89.0,3
166,69,365618857,74,58,0.963,XDS,30,89.0,2
167,51,365773054,53,40,1.397,XDS,30,98.0,2
168,19,406789051,23,21,0.101,XDS,20,,3
169,16,365772380,16,16,0.102,XDS,20,,3
170,21,365772356,21,21,0.109,XDS,20,,3
171,14,406789047,18,14,0.161,XDS,20,,2
172,16,365772121,18,16,0.188,XDS,20,,2
173,42,406789050,42,42,0.296,XDS,20,,3
174,40,406789049,42,42,0.296,XDS,20,,3
175,18,406789048,21,16,0.23,XDS,20,,2
176,53,365772403,56,53,0.186,XDS,30,100.0,3
177,50,365772341,58,51,0.089,XDS,20,,2
178,68,365630221,74,31,1.081,XDS,30,17.0,1
179,58,365774667,60,56,0.672,XDS,30,100.0,3
180,18,406789042,18,18,0.123,XDS,20,,3
181,58,365772338,63,50,0.09,XDS,30,100.0,2
182,58,365774324,63,55,0.685,XDS,30,100.0,2
183,11,406789045,13,11,0.114,XDS,20,,2
184,11,406789046,13,11,0.159,XDS,20,,2
185,68,365630241,79,61,0.926,XDS,30,90.0,2
186,68,406808258,74,50,1.132,XDS,30,17.0,2
187,64,365777528,71,66,0.947,XDS,20,,3
188,50,332586250,53,45,1.389,XDS,30,93.0,2
189,64,365777523,69,56,1.097,XDS,30,100.0,2
190,51,332845110,56,47,1.33,XDS,30,100.0,2
191,42,365684937,43,35,1.737,XDS,30,87.0,2
192,51,365732691,55,74,0.845,XDS,30,99.0,3
193,42,365684919,47,51,1.202,XDS,30,100.0,3
194,55,365731631,60,80,0.772,XDS,30,100.0,3
195,39,365732711,40,32,1.954,XDS,30,97.0,2
196,47,365732731,48,35,1.786,XDS,30,100.0,2
197,43,365635112,45,43,0.254,XDS,20,,3
198,50,406789101,53,87,0.085,XDS,30,60.0,3
199,50,365635094,53,56,0.195,XDS,30,60.0,3
200,32,365682907,35,55,0.315,XDS,30,87.0,3
201,32,365635743,35,18,3.473,XDS,30,87.0,1
202,32,406789096,34,61,0.284,XDS,30,98.0,3
203,32,406789098,34,66,0.033,XDS,30,98.0,3
204,32,332555161,34,26,2.501,XDS,30,98.0,2
205,48,406789097,50,48,0.046,XDS,20,,3
206,39,365718231,42,39,0.066,XDS,20,,2
207,29,406789099,32,35,0.051,XDS,30,0.0,3
208,24,406789100,32,24,0.074,XDS,30,0.0,2
209,43,406789095,48,43,0.137,XDS,30,100.0,2
210,43,365661032,48,40,0.219,XDS,30,100.0,2
211,40,365722372,40,39,0.224,XDS,30,0.0,3
212,100,365645885,109,92,0.423,XDS,30,100.0,2
213,100,406796664,109,105,0.37,XDS,30,100.0,3
214,100,365645866,109,116,0.292,XDS,30,100.0,3
215,93,365683021,109,97,0.654,XDS,30,99.0,2
216,93,365682930,108,103,0.61,XDS,30,100.0,3
217,27,365719971,32,23,0.043,XDS,30,100.0,2
218,27,443270413,32,23,0.231,XDS,30,100.0,2
219,27,431444056,32,24,0.65,XDS,30,100.0,2
220,27,443255434,32,24,0.488,XDS,30,100.0,2
221,27,443255435,32,26,0.876,XDS,30,100.0,2
222,27,443255436,32,24,0.767,XDS,30,100.0,2
223,27,443275078,32,21,0.526,XDS,30,100.0,2
224,27,443275079,32,19,0.332,XDS,30,100.0,1
225,31,443275080,35,19,2.852,XDS,30,79.0,1
226,74,365621051,80,72,0.738,XDS,30,100.0,2
227,72,365620958,80,69,0.77,XDS,30,100.0,2
228,66,365620939,76,61,0.06,XDS,30,100.0,2
229,35,365661420,43,31,0.252,XDS,30,100.0,2
230,72,365689565,80,69,0.771,XDS,30,100.0,2
231,74,365689586,82,84,0.641,XDS,30,100.0,3
232,66,365704015,76,63,0.023,XDS,30,100.0,2
233,53,332761109,56,53,0.093,XDS,20,,3
234,64,365700720,69,58,0.068,XDS,30,96.0,2
235,64,332656856,68,58,0.073,XDS,30,94.0,2
236,32,365678568,37,32,0.161,XDS,20,,2
237,64,332761110,71,63,0.044,XDS,30,100.0,2
238,66,365693075,72,61,0.033,XDS,30,96.0,2
239,66,365679643,72,61,0.05,XDS,30,96.0,2
240,37,406789039,42,45,0.175,XDS,30,96.0,3
241,51,406789035,55,45,0.203,XDS,30,100.0,2
242,60,406789036,68,55,0.179,XDS,30,100.0,2
243,56,365630140,56,56,0.246,XDS,20,,3
244,55,365630159,55,55,0.251,XDS,20,,3
245,56,365642074,58,63,0.217,XDS,30,100.0,3
246,56,406789037,58,39,0.198,XDS,30,100.0,2
247,45,332451964,45,43,0.18,XDS,30,100.0,3
248,63,365626536,63,72,0.181,XDS,30,100.0,3
249,63,332866353,63,51,0.151,XDS,30,100.0,2
250,64,365644682,69,56,1.103,XDS,30,80.0,2
251,68,365644588,69,60,1.03,XDS,30,99.0,2
252,72,365644622,74,68,0.498,XDS,30,99.0,2
253,71,365644604,76,66,0.936,XDS,30,72.0,2
254,71,365644510,72,66,1.359,XDS,30,98.0,2
255,64,332478998,69,56,1.084,XDS,30,88.0,2
256,18,406789118,19,18,0.108,XDS,20,,2
257,16,406789119,19,16,0.108,XDS,20,,2
258,21,406789117,19,21,0.175,XDS,20,,3
259,93,406796665,101,97,0.446,XDS,30,100.0,3
260,61,365733482,64,61,0.11,XDS,20,,3
261,29,406789115,39,40,0.059,XDS,30,100.0,3
262,29,365751304,39,11,0.62,XDS,30,100.0,0
263,58,406789111,56,58,0.083,XDS,20,,3
264,53,365655290,55,37,0.154,XDS,30,58.0,2
265,53,406789116,55,37,0.064,XDS,30,58.0,2
266,53,365737170,55,35,0.213,XDS,30,58.0,2
267,42,406789120,45,40,0.299,XDS,20,,2
268,45,406789112,47,39,0.135,XDS,30,100.0,2
269,45,406789114,47,43,0.195,XDS,30,100.0,3
270,40,365782582,42,40,0.081,XDS,20,,3
271,50,406789113,55,50,0.168,XDS,20,,2
272,51,406789107,58,51,0.05,XDS,20,,2
273,43,406789108,51,43,0.059,XDS,20,,2
274,43,365758908,51,43,0.278,XDS,20,,2
275,37,406789109,43,37,0.063,XDS,30,0.0,2
276,35,406789110,42,35,0.067,XDS,20,,2
277,97,365743516,101,74,0.849,XDS,30,32.0,2
278,97,365635818,101,129,0.297,XDS,30,5.0,3
279,13,365677332,21,16,0.178,XDS,30,100.0,2
280,24,365637103,40,26,0.083,XDS,20,,2
281,24,365618598,40,26,0.176,XDS,20,,2
282,32,365636286,42,56,0.081,XDS,30,74.0,3
283,34,365700545,43,48,1.256,XDS,30,93.0,3
284,42,365718884,50,23,2.669,XDS,30,79.0,1
285,29,365737336,34,39,0.048,XDS,30,100.0,3
286,29,365760932,34,31,0.024,XDS,30,100.0,2
287,29,365628249,34,16,0.131,XDS,30,100.0,1
288,97,365683042,103,92,0.392,XDS,30,100.0,2
289,34,365647898,47,50,0.019,XDS,30,100.0,3
290,34,365688373,47,26,0.613,XDS,30,100.0,1
291,34,365635390,47,55,0.321,XDS,30,100.0,3
292,34,365699835,47,51,0.035,XDS,30,100.0,3
293,95,365643449,100,122,0.284,XDS,30,5.0,3
294,64,365667858,66,56,0.26,XDS,30,100.0,2
295,55,365737353,60,24,0.031,XDS,30,61.0,1
296,55,365695345,60,24,0.064,XDS,30,61.0,1
297,55,365617181,60,24,0.081,XDS,30,61.0,1
298,55,365721320,60,39,1.791,XDS,30,61.0,2
299,69,365739260,69,64,0.477,XDS,30,100.0,3
300,61,365617719,66,63,1.073,XDS,30,100.0,3
301,76,365625528,77,61,0.142,XDS,30,80.0,2
302,50,365671740,50,47,0.488,XDS,30,92.0,3
303,80,365742417,80,77,0.131,XDS,30,100.0,3
304,66,365613225,68,43,0.224,XDS,30,25.0,2
305,56,365633693,58,47,0.41,XDS,30,100.0,2
306,47,365617814,48,40,0.379,XDS,30,83.0,2
307,74,365714863,76,69,0.109,XDS,30,100.0,2
308,72,365714882,76,72,0.158,XDS,30,100.0,3
309,72,365756197,76,77,0.086,XDS,30,100.0,3
310,58,365672993,58,56,0.358,XDS,30,100.0,3
311,71,431438813,74,66,0.03,XDS,30,100.0,2
312,48,365670187,50,31,0.521,XDS,30,54.0,1
313,61,365747134,63,53,0.345,XDS,30,97.0,2
314,61,263770406,63,47,0.45,XDS,30,56.0,2
315,72,365694752,74,74,0.197,XDS,30,100.0,3
316,85,365644249,90,97,0.288,XDS,30,73.0,3
317,74,365672900,77,69,0.223,XDS,30,100.0,2
318,76,365684642,79,76,0.44,XDS,30,100.0,3
319,77,365688895,80,69,0.49,XDS,30,82.0,2
320,74,365670349,76,85,0.547,XDS,30,21.0,3
321,64,365623330,66,64,0.122,XDS,30,100.0,3
322,77,365625510,80,76,0.36,XDS,30,100.0,3
323,77,365757441,80,77,0.374,XDS,30,100.0,3
324,76,365666510,77,71,0.507,XDS,30,100.0,2
325,77,365647205,82,74,0.384,XDS,30,100.0,2
326,77,365759799,82,80,0.362,XDS,30,100.0,3
327,39,460605249,47,34,2.105,XDS,30,100.0,2
328,35,460605250,45,23,2.742,XDS,30,62.0,1
329,63,365626004,72,63,1.472,XDS,30,100.0,2
330,31,365676987,35,24,0.085,XDS,30,100.0,2
331,68,365723462,72,68,0.017,XDS,30,100.0,3
332,68,365677079,72,68,0.025,XDS,30,100.0,3
333,68,365703791,72,74,1.223,XDS,30,100.0,3
334,34,365638242,42,42,0.06,XDS,30,100.0,3
335,37,365666632,40,24,0.104,XDS,30,100.0,1
336,37,365625290,40,34,0.063,XDS,30,100.0,2
337,37,365666650,40,27,0.03,XDS,30,100.0,2
338,37,443255437,40,43,0.771,XDS,30,100.0,3
339,31,365719991,31,37,0.022,XDS,30,100.0,3
340,31,365684611,39,11,0.188,XDS,30,100.0,0
341,31,365679657,39,14,0.06,XDS,30,100.0,1
342,31,365765564,39,11,0.069,XDS,30,100.0,0
343,31,365757411,39,34,1.117,XDS,30,100.0,2
344,26,460605256,31,24,1.458,XDS,30,100.0,2
345,34,365765545,35,39,0.025,XDS,30,100.0,3
346,34,365684396,35,40,0.833,XDS,30,100.0,3
347,29,406789164,37,27,0.4,XDS,30,100.0,2
348,10,365630435,11,6,0.096,XDS,30,100.0,1
349,18,365631737,18,6,1.542,XDS,30,91.0,1
350,31,406789162,37,40,0.016,XDS,30,100.0,3
351,31,365710214,37,24,0.03,XDS,30,100.0,2
352,31,406789165,37,26,0.408,XDS,30,100.0,2
353,35,332805457,39,34,0.546,XDS,30,100.0,2
354,34,260499240,34,26,0.03,XDS,30,0.0,2
355,34,406789163,34,26,0.173,XDS,30,0.0,2
356,34,365730799,34,26,0.2,XDS,30,0.0,2
357,23,365734264,26,8,0.117,XDS,30,100.0,0
358,23,365682739,26,18,0.608,XDS,30,100.0,2
359,53,365676887,56,47,0.023,XDS,30,100.0,2
360,53,365676813,56,51,0.037,XDS,30,100.0,2
361,51,365624225,56,63,0.977,XDS,30,77.0,3
362,71,264116474,74,66,0.382,XDS,30,100.0,2
363,97,365637799,101,111,0.229,XDS,30,69.0,3
364,74,406789186,76,68,0.332,XDS,30,90.0,2
365,97,365649028,100,92,0.317,XDS,30,100.0,2
366,60,406789185,61,56,0.226,XDS,30,100.0,2
367,60,260351658,61,60,0.48,XDS,30,100.0,3
368,60,406789187,61,68,0.035,XDS,30,100.0,3
369,72,365716296,72,64,0.443,XDS,30,100.0,2
370,51,365781344,56,39,1.62,XDS,30,50.0,2
371,87,260372268,90,76,0.504,XDS,30,21.0,2
372,87,365649083,89,98,0.312,XDS,30,100.0,3
373,87,365649046,89,84,0.806,XDS,30,100.0,3
374,29,365663008,32,48,0.102,XDS,30,77.0,3
375,29,365767041,32,21,0.107,XDS,30,77.0,2
376,29,260465587,32,5,0.503,XDS,30,77.0,0
377,47,365767078,53,26,0.065,XDS,30,100.0,1
378,47,332761119,53,26,0.062,XDS,30,100.0,1
379,47,365711457,53,35,0.574,XDS,30,100.0,2
380,47,365770967,53,53,1.058,XDS,30,100.0,3
381,47,365742735,53,56,1.176,XDS,30,100.0,3
382,34,365737912,39,14,0.061,XDS,30,100.0,1
383,34,365737951,39,14,0.098,XDS,30,100.0,1
384,34,365637328,39,42,0.37,XDS,30,100.0,3
385,34,365737894,37,14,0.061,XDS,30,99.0,1
386,34,365737930,37,10,0.179,XDS,30,99.0,0
387,34,365630922,37,34,0.507,XDS,30,99.0,2
388,45,365696875,47,47,0.04,XDS,30,100.0,3
389,56,365655686,58,51,0.294,XDS,30,100.0,2
390,47,460599426,47,48,0.028,XDS,30,100.0,3
391,35,406789167,42,32,0.227,XDS,30,100.0,2
392,31,365617121,42,47,0.259,XDS,30,100.0,3
393,31,406789168,42,23,0.315,XDS,30,100.0,1
394,45,365646916,50,35,0.227,XDS,30,100.0,2
395,37,332675512,37,47,0.155,XDS,30,98.0,3
396,37,332470777,37,16,0.666,XDS,30,98.0,1
397,48,365617055,56,63,0.192,XDS,30,100.0,3
398,48,332847202,56,40,0.267,XDS,30,100.0,2
399,43,365646974,50,23,0.688,XDS,30,100.0,1
400,43,443258559,50,60,0.322,XDS,30,100.0,3
401,43,431443515,50,47,0.165,XDS,30,100.0,3
402,68,365641008,76,39,1.014,XDS,30,80.0,1
403,55,365646985,63,48,0.309,XDS,30,54.0,2
404,55,443258560,63,68,0.288,XDS,30,54.0,3
405,55,431443514,63,64,0.117,XDS,30,54.0,3
406,55,365641104,63,64,0.608,XDS,30,54.0,3
407,60,365641024,68,72,0.542,XDS,30,71.0,3
408,69,365641004,77,74,0.534,XDS,30,79.0,3
409,72,406797065,79,69,0.565,XDS,30,75.0,2
410,77,365640933,82,68,0.59,XDS,30,70.0,2
411,77,365640969,82,69,0.565,XDS,30,70.0,2
412,72,406797066,79,71,0.557,XDS,30,100.0,2
413,72,365640951,79,69,0.565,XDS,30,100.0,2
414,72,365640987,79,69,0.573,XDS,30,100.0,2
415,76,406789188,79,69,0.035,XDS,30,68.0,2
416,76,365708777,79,69,0.258,XDS,30,100.0,2
417,87,365658803,93,85,0.122,XDS,30,100.0,2
418,90,365772262,97,89,0.099,XDS,30,100.0,2
419,92,365659091,93,101,0.114,XDS,30,100.0,3
420,87,332846355,92,93,0.676,XDS,30,100.0,3
421,77,260972438,84,93,0.669,XDS,30,74.0,3
422,85,365619080,92,92,0.691,XDS,30,100.0,3
423,71,365616692,82,74,0.85,XDS,30,100.0,2
424,85,406807392,92,97,0.168,XDS,30,100.0,3
425,89,260939595,97,92,0.8,XDS,30,100.0,3
426,92,260910529,97,89,0.504,XDS,30,90.0,2
427,85,365637795,95,97,0.474,XDS,30,100.0,3
428,85,406807393,95,89,0.316,XDS,30,100.0,3
429,93,332810611,98,100,0.427,XDS,30,100.0,3
430,93,406807390,98,100,0.165,XDS,30,100.0,3
431,90,261064379,97,92,0.284,XDS,30,100.0,3
432,84,365693013,89,79,0.535,XDS,30,88.0,2
433,82,406797436,85,68,0.591,XDS,30,22.0,2
434,90,365616362,92,97,0.425,XDS,30,100.0,3
435,85,365766161,89,97,0.436,XDS,30,100.0,3
436,90,365707551,98,93,0.374,XDS,30,100.0,3
437,90,365626441,98,93,0.489,XDS,30,100.0,3
438,92,365645297,98,92,0.694,XDS,30,100.0,3
439,93,365766141,98,103,0.438,XDS,30,100.0,3
440,101,365645430,108,101,0.51,XDS,30,100.0,3
441,100,260334308,105,113,0.716,XDS,30,100.0,3
442,103,365645865,108,114,0.106,XDS,30,100.0,3
443,101,365645412,108,97,0.537,XDS,30,100.0,2
444,101,260223387,111,98,0.107,XDS,30,100.0,2
445,100,365651041,106,105,0.769,XDS,30,100.0,3
446,103,365645378,109,114,0.461,XDS,30,100.0,3
447,103,365645395,109,116,0.457,XDS,30,100.0,3
448,98,332730961,108,100,0.092,XDS,20,,3
449,103,365732929,109,117,0.226,XDS,30,100.0,3
450,98,431445480,105,113,0.382,XDS,30,100.0,3
451,97,365713268,106,98,0.65,XDS,20,,2
452,97,365731756,106,98,0.649,XDS,20,,2
453,90,332656853,98,93,0.121,XDS,20,,3
454,95,365762461,100,106,0.4,XDS,30,100.0,3
455,95,365762478,100,89,0.486,XDS,30,100.0,2
456,84,365623857,87,80,0.075,XDS,30,100.0,3
457,76,365697866,80,63,0.93,XDS,30,39.0,2
458,77,365697927,82,63,0.981,XDS,30,25.0,2
459,72,365665458,76,82,0.721,XDS,30,8.0,3
460,72,365665474,77,93,0.636,XDS,30,36.0,3
461,74,365665494,79,72,0.79,XDS,30,100.0,2
462,74,260773919,79,63,1.033,XDS,30,51.0,2
463,29,332716336,32,21,0.093,XDS,30,100.0,2
464,31,443271444,39,31,1.335,XDS,30,100.0,2
465,66,463612877,72,43,0.676,XDS,30,72.0,1
466,64,463608640,71,63,1.098,XDS,30,100.0,2
467,42,460613464,45,48,0.29,XDS,30,100.0,3
468,40,460613465,45,40,0.348,XDS,20,,2
469,61,365759461,74,40,1.241,XDS,30,6.0,1
470,61,365759482,74,35,1.572,XDS,30,6.0,1
471,68,365759391,76,68,0.809,XDS,30,100.0,2
472,68,365759519,76,63,0.801,XDS,30,100.0,2
473,8,460606005,11,8,0.242,XDS,20,,2
474,18,460606004,18,16,0.092,XDS,20,,2
475,18,460606006,18,16,0.072,XDS,20,,2
476,18,460606007,18,16,0.083,XDS,20,,2
477,50,431442671,53,80,0.503,XDS,30,100.0,3
478,79,365666537,82,72,0.559,XDS,30,100.0,2
479,79,443257575,82,76,1.058,XDS,30,100.0,2
480,63,256647492,68,63,0.664,XDS,20,,3
481,56,365675305,58,64,0.869,XDS,20,,3
482,64,365675142,69,64,0.869,XDS,20,,3
483,48,365675192,51,48,1.136,XDS,20,,3
484,53,443270990,55,55,1.475,XDS,30,93.0,3
485,47,443270991,51,47,1.726,XDS,20,,2
486,43,365634254,48,45,1.239,XDS,20,,3
487,50,365634255,53,53,1.052,XDS,30,100.0,3
488,51,365634236,55,40,1.359,XDS,30,100.0,2
489,55,332527906,60,55,1.013,XDS,20,,2
490,48,365634291,53,50,1.114,XDS,20,,3
491,63,365690186,66,63,0.884,XDS,20,,3
492,63,365690111,64,64,0.857,XDS,20,,3
493,61,365719703,72,76,0.717,XDS,30,70.0,3
494,61,365719745,72,77,0.54,XDS,30,70.0,3
495,64,365703699,80,60,1.091,XDS,30,98.0,2
496,63,431441746,79,80,0.664,XDS,30,100.0,3
497,68,365628008,76,66,0.765,XDS,30,100.0,2
498,68,365628120,76,72,0.691,XDS,30,100.0,3
499,42,365628076,47,66,0.758,XDS,30,60.0,3
500,43,365763750,47,55,1.013,XDS,30,100.0,3
501,45,365665408,48,23,1.389,XDS,30,81.0,1
502,42,365763620,43,37,1.506,XDS,30,100.0,2
503,42,365665311,43,29,1.102,XDS,30,100.0,2
504,58,365665425,60,61,1.509,XDS,30,27.0,3
505,63,365717076,63,63,0.922,XDS,20,,3
506,60,332674464,61,60,0.717,XDS,20,,3
507,56,443257590,56,56,1.537,XDS,20,,3
508,47,443257591,55,48,1.794,XDS,30,88.0,2
509,61,332554548,66,61,0.706,XDS,20,,3
510,60,431441750,64,60,0.953,XDS,20,,2
511,64,431442649,64,64,0.452,XDS,20,,3
512,45,365661650,43,43,1.625,XDS,20,,3
513,56,443257592,61,56,0.516,XDS,20,,2
514,42,365661593,43,42,1.664,XDS,20,,3
515,32,365648711,35,35,1.023,XDS,30,100.0,3
516,32,365658486,35,39,0.692,XDS,30,100.0,3
517,37,365765198,37,39,1.549,XDS,20,,3
518,39,365765292,39,34,1.731,XDS,30,100.0,2
519,53,365647050,60,51,1.132,XDS,30,100.0,2
520,68,365703039,74,68,0.868,XDS,30,51.0,2
521,64,365702917,69,92,0.652,XDS,30,58.0,3
522,40,365615272,42,37,1.483,XDS,30,0.0,2
523,40,365722509,42,37,1.483,XDS,30,17.0,2
524,34,431442644,39,32,1.039,XDS,30,100.0,2
525,47,365647068,50,56,1.051,XDS,30,100.0,3
526,47,365736824,50,24,0.428,XDS,30,100.0,1
527,50,365733229,53,40,2.039,XDS,30,100.0,2
528,55,365702958,58,31,1.946,XDS,30,85.0,1
529,56,365640218,60,47,0.906,XDS,30,87.0,2
530,74,365640315,77,82,1.069,XDS,30,100.0,3
531,56,365633673,60,51,1.057,XDS,30,100.0,2
532,40,365722488,40,40,1.372,XDS,20,,3
533,40,365615254,40,40,1.372,XDS,20,,3
534,56,365633694,56,56,0.982,XDS,20,,3
535,72,365633652,76,72,0.764,XDS,20,,3
536,39,332716223,47,40,1.11,XDS,30,100.0,2
537,39,365630863,47,56,0.899,XDS,30,100.0,3
538,39,365687358,43,42,1.199,XDS,30,95.0,3
539,39,255886479,47,24,0.18,XDS,30,100.0,1
540,39,260493296,47,26,0.33,XDS,30,100.0,1
541,39,261016529,47,27,0.18,XDS,30,100.0,1
542,39,260919165,47,27,0.073,XDS,30,100.0,1
543,40,332446905,45,35,1.3,XDS,30,100.0,2
544,40,260452321,45,24,0.18,XDS,30,100.0,1
545,40,255880649,45,24,0.344,XDS,30,100.0,1
546,40,256178013,45,24,0.202,XDS,30,100.0,1
547,40,365687341,43,47,0.964,XDS,30,100.0,3
548,40,365630862,45,69,0.806,XDS,30,100.0,3
549,40,255944047,45,24,0.082,XDS,30,100.0,1
550,72,365690188,77,84,1.017,XDS,30,100.0,3
551,37,431444040,43,29,1.071,XDS,30,96.0,2
552,47,365639881,50,24,1.396,XDS,30,100.0,1
553,47,365667623,50,51,0.789,XDS,30,100.0,3
554,72,365633765,76,72,0.764,XDS,20,,3
555,64,365633634,68,74,0.743,XDS,30,100.0,3
556,64,365633747,68,58,0.948,XDS,30,100.0,2
557,34,460602064,35,37,2.448,XDS,30,20.0,3
558,32,365678207,32,31,2.638,XDS,30,100.0,3
559,51,460612280,53,60,1.301,XDS,30,94.0,3
560,51,460602065,56,56,1.607,XDS,30,100.0,3
561,50,460612279,51,55,1.666,XDS,30,96.0,3
562,43,460602066,47,39,2.446,XDS,30,100.0,2
563,47,365683728,48,43,1.941,XDS,30,100.0,2
564,55,460602067,60,48,1.384,XDS,30,100.0,2
565,55,460602068,58,48,1.759,XDS,30,98.0,2
566,55,443275083,56,51,1.509,XDS,30,100.0,2
567,58,443275084,63,60,1.142,XDS,30,100.0,3
568,58,460602069,60,56,1.498,XDS,30,93.0,3
569,53,460602070,55,47,1.685,XDS,30,91.0,2
570,60,443275082,63,58,1.626,XDS,30,100.0,2
571,32,443274835,35,26,2.29,XDS,30,96.0,2
572,35,443275081,40,39,2.376,XDS,30,77.0,3
573,37,443274834,40,39,1.86,XDS,30,100.0,3
574,27,443274836,32,35,0.176,XDS,30,100.0,3
575,27,443274837,32,27,0.404,XDS,30,100.0,2
576,27,431442701,32,26,0.615,XDS,30,100.0,2
577,27,443270409,32,31,0.166,XDS,30,100.0,3
578,27,443270410,32,42,0.438,XDS,30,100.0,3
579,27,443270411,32,29,0.771,XDS,30,100.0,2
580,24,443270412,27,24,0.502,XDS,30,100.0,2
581,14,365677174,18,11,0.411,XDS,30,100.0,2
582,26,443258563,32,31,0.54,XDS,30,100.0,3
583,26,443258564,32,18,0.652,XDS,30,100.0,1
584,43,365774687,45,43,1.244,XDS,20,,3
585,26,365774675,32,35,1.739,XDS,30,100.0,3
586,26,431454865,32,11,0.683,XDS,30,100.0,1
587,32,365676976,37,32,1.895,XDS,30,83.0,2
588,48,365774712,51,61,0.883,XDS,30,58.0,3
589,34,332515316,39,26,2.201,XDS,30,85.0,2
590,43,332839297,45,43,1.332,XDS,20,,3
591,29,365774684,35,34,1.635,XDS,30,100.0,3
592,45,365774660,47,45,1.545,XDS,20,,3
593,43,365774700,45,43,1.048,XDS,20,,3
594,60,365677018,69,61,0.992,XDS,20,,2
595,60,365676890,66,60,0.97,XDS,20,,2
596,61,365774656,64,61,0.939,XDS,20,,3
597,55,365676764,60,55,1.041,XDS,20,,2
598,51,365676799,55,51,1.122,XDS,20,,3
599,50,365676732,55,50,1.145,XDS,20,,2
600,51,365676621,56,51,1.122,XDS,20,,2
601,55,365676657,60,55,1.06,XDS,20,,2
602,55,365675353,60,55,1.041,XDS,20,,2
603,51,365675399,56,51,1.119,XDS,20,,2
604,47,365676687,50,47,1.218,XDS,20,,3
605,50,365675126,51,50,1.111,XDS,20,,3
606,51,365675236,51,51,1.09,XDS,20,,3
607,53,365675230,55,53,1.049,XDS,20,,3
608,60,406802895,64,60,0.929,XDS,20,,2
609,63,365690167,68,63,0.884,XDS,20,,3
610,58,365690034,61,63,0.884,XDS,30,100.0,3
611,58,443270399,61,56,0.543,XDS,30,100.0,2
612,45,365722207,53,40,0.156,XDS,30,100.0,2
613,45,406794750,53,56,0.133,XDS,30,100.0,3
614,69,365656667,76,76,0.732,XDS,30,88.0,3
615,45,365633366,48,53,0.117,XDS,30,100.0,3
616,45,406794754,48,40,0.135,XDS,30,100.0,2
617,69,365656648,72,72,0.774,XDS,30,89.0,3
618,69,365635169,72,80,0.696,XDS,30,86.0,3
619,63,365729397,68,64,1.247,XDS,30,80.0,3
620,58,365690095,63,58,0.524,XDS,20,,2
621,68,365627218,72,82,0.679,XDS,30,58.0,3
622,71,443270401,74,79,0.705,XDS,30,85.0,3
623,71,443270402,76,77,0.714,XDS,30,84.0,3
624,71,365618322,72,69,0.797,XDS,30,100.0,3
625,68,365618340,71,80,0.688,XDS,30,65.0,3
626,68,443270400,71,68,1.192,XDS,20,,3
627,61,365689105,63,58,0.829,XDS,30,100.0,2
628,45,365743804,48,42,2.036,XDS,30,100.0,2
629,63,365733391,63,45,1.006,XDS,30,100.0,2
630,34,365729547,37,31,0.998,XDS,30,100.0,2
631,34,365729418,39,27,1.146,XDS,30,100.0,2
632,47,443249910,55,51,1.458,XDS,30,98.0,3
633,39,406789030,45,34,0.08,XDS,30,100.0,2
634,64,365780504,69,77,0.507,XDS,30,100.0,3
635,66,443257595,68,66,1.198,XDS,30,100.0,3
636,58,443257596,68,32,2.471,XDS,30,75.0,1
637,58,365780478,69,55,0.719,XDS,30,78.0,2
638,50,365777166,50,31,1.64,XDS,30,100.0,1
639,50,365777159,53,50,1.017,XDS,20,,3
640,64,365710949,69,64,0.618,XDS,30,100.0,3
641,64,365780498,69,63,0.638,XDS,30,100.0,2
642,58,365780506,71,43,0.919,XDS,30,87.0,1
643,58,365710932,71,60,0.67,XDS,30,87.0,2
644,32,332656857,43,58,0.032,XDS,30,0.0,3
645,32,332761108,43,58,0.099,XDS,30,0.0,3
646,27,365758572,48,27,0.087,XDS,20,,1
647,61,406789032,64,61,0.107,XDS,20,,3
648,24,365682192,29,24,0.783,XDS,20,,2
649,26,365682173,29,26,0.722,XDS,20,,2
650,48,406789031,56,76,0.036,XDS,30,100.0,3
651,48,365763091,50,48,1.222,XDS,20,,3
652,43,365763128,45,43,1.363,XDS,20,,3
653,51,365763035,53,32,1.832,XDS,30,100.0,1
654,50,365763145,51,79,0.742,XDS,30,100.0,3
655,63,365738445,71,60,1.24,XDS,30,100.0,2
656,69,365669766,72,68,1.118,XDS,30,16.0,3
657,47,365763108,48,40,1.466,XDS,30,100.0,2
658,47,443254790,48,34,0.124,XDS,30,100.0,2
659,51,365764388,53,51,1.15,XDS,20,,3
660,51,443254791,53,51,0.083,XDS,20,,3
661,40,460604778,43,34,2.647,XDS,30,89.0,2
662,50,460604779,53,51,1.343,XDS,30,97.0,3
663,60,365663358,66,77,1.045,XDS,30,76.0,3
664,51,460604780,51,56,1.247,XDS,30,100.0,3
665,47,460604781,48,39,2.307,XDS,30,100.0,2
666,55,443254785,58,58,0.656,XDS,30,100.0,3
667,51,443254786,56,56,0.667,XDS,30,100.0,3
668,29,443254784,34,48,0.468,XDS,30,90.0,3
669,47,365640280,48,63,0.573,XDS,30,30.0,3
670,40,365640297,47,39,0.95,XDS,30,98.0,2
671,35,365650791,40,47,1.527,XDS,30,97.0,3
672,27,431438802,31,31,0.046,XDS,30,100.0,3
673,47,365642076,48,45,1.422,XDS,30,97.0,3
674,40,365641983,43,50,0.961,XDS,30,0.0,3
675,64,365663322,63,79,0.683,XDS,30,100.0,3
676,55,365663429,55,47,1.148,XDS,30,100.0,2
677,50,443257610,53,58,1.148,XDS,30,100.0,3
678,51,365675400,55,27,2.996,XDS,30,65.0,1
679,42,431444243,43,48,1.413,XDS,30,100.0,3
680,42,431444244,43,40,0.952,XDS,30,100.0,3
681,45,443254795,48,37,1.335,XDS,30,78.0,2
682,42,332512555,43,43,1.259,XDS,30,100.0,3
683,55,443257611,55,56,1.168,XDS,30,99.0,3
684,55,443254796,56,43,1.906,XDS,30,79.0,2
685,51,431458142,51,47,0.618,XDS,30,100.0,2
686,51,365756179,51,47,1.353,XDS,30,100.0,2
687,48,431458141,51,51,0.547,XDS,30,100.0,3
688,48,365756236,51,51,1.247,XDS,30,100.0,3
689,47,365781694,53,74,0.588,XDS,30,73.0,3
690,47,443254794,53,74,0.509,XDS,30,64.0,3
691,29,406789057,29,29,0.168,XDS,20,,3
692,29,365770268,29,29,1.241,XDS,20,,3
693,31,406789056,31,31,0.157,XDS,20,,3
694,31,365770252,31,31,1.161,XDS,20,,3
695,48,443254793,53,55,1.612,XDS,30,98.0,3
696,40,332639762,43,21,0.489,XDS,30,100.0,1
697,40,365733320,43,40,2.039,XDS,30,100.0,3
698,45,365696284,48,45,0.991,XDS,20,,3
699,68,365641965,72,89,0.947,XDS,30,72.0,3
700,69,365641911,69,60,0.915,XDS,30,-1.0,2
701,68,365642019,69,69,0.696,XDS,30,-1.0,3
702,66,443254798,69,64,1.392,XDS,20,,3
703,60,365696223,63,58,0.769,XDS,20,,2
704,60,443254797,63,58,1.536,XDS,20,,2
705,16,365661870,14,14,0.102,XDS,20,,3
706,14,365692084,16,14,0.11,XDS,20,,2
707,14,365711031,16,14,0.096,XDS,20,,2
708,16,365697750,14,16,0.08,XDS,20,,3
709,32,443274972,35,31,0.782,XDS,30,100.0,2
710,32,443274973,35,35,1.284,XDS,30,100.0,3
711,66,365641893,71,77,0.56,XDS,30,28.0,3
712,68,332813572,71,76,0.842,XDS,30,74.0,3
713,72,332879755,72,55,0.873,XDS,30,100.0,2
714,71,365641948,72,55,0.749,XDS,30,-1.0,2
715,29,431444254,31,24,0.172,XDS,30,100.0,2
716,29,431444256,31,27,1.025,XDS,30,99.0,2
717,29,443274970,31,35,1.248,XDS,30,100.0,3
718,29,443274971,31,27,0.838,XDS,30,100.0,2
719,76,431458148,77,69,0.687,XDS,30,100.0,2
720,76,365625953,77,76,0.905,XDS,30,100.0,3
721,76,431458151,77,72,0.388,XDS,30,100.0,3
722,79,431458157,82,68,0.409,XDS,30,100.0,2
723,79,431458158,82,89,0.766,XDS,30,100.0,3
724,72,431458160,77,69,0.696,XDS,30,100.0,2
725,77,431442999,80,84,0.087,XDS,30,100.0,3
726,85,431443000,87,80,0.237,XDS,30,100.0,3
727,43,431444258,45,39,1.256,XDS,30,87.0,2
728,32,431444255,35,24,0.172,XDS,30,100.0,2
729,32,431444257,35,23,1.203,XDS,30,100.0,2
730,32,431458287,35,34,1.403,XDS,30,100.0,3
731,10,365616832,13,10,0.131,XDS,20,,2
732,10,365713108,13,10,0.131,XDS,20,,2
733,19,365658877,19,19,0.098,XDS,20,,3
734,19,365744001,19,19,0.071,XDS,20,,3
735,37,406804904,37,39,0.06,XDS,20,,3
736,40,406804905,42,40,0.059,XDS,20,,3
737,50,365768094,51,34,0.259,XDS,30,100.0,2
738,50,365678736,51,47,1.356,XDS,30,100.0,2
739,51,365631883,55,53,1.553,XDS,30,100.0,3
740,85,365681801,92,95,0.797,XDS,30,100.0,3
741,87,431458152,93,92,0.611,XDS,30,100.0,3
742,90,431443002,98,95,0.118,XDS,30,100.0,3
743,53,365768110,56,39,0.232,XDS,30,100.0,2
744,40,365678717,43,42,1.485,XDS,30,100.0,3
745,53,365631978,56,56,1.444,XDS,30,100.0,3
746,87,431443001,92,97,0.149,XDS,30,100.0,3
747,87,431458153,92,90,0.163,XDS,30,100.0,3
748,85,431444259,92,85,0.313,XDS,30,100.0,3
749,71,365681427,76,63,0.391,XDS,30,100.0,2
750,35,332515918,35,29,1.846,XDS,30,21.0,2
751,34,332723104,35,35,1.487,XDS,30,89.0,3
752,72,365614272,77,101,0.294,XDS,30,25.0,3
753,68,365641831,71,71,0.901,XDS,30,100.0,3
754,37,443254788,42,34,1.256,XDS,30,100.0,2
755,35,443270415,39,34,0.786,XDS,30,100.0,2
756,77,365641810,76,69,0.696,XDS,30,100.0,2
757,77,365641923,76,61,0.788,XDS,30,100.0,2
758,53,365767237,58,68,0.83,XDS,30,69.0,3
759,55,365767181,56,56,0.939,XDS,30,100.0,3
760,51,365742526,53,50,1.07,XDS,30,100.0,3
761,43,443270414,47,47,0.454,XDS,30,100.0,3
762,35,365678588,37,11,0.227,XDS,30,77.0,0
763,27,365692227,24,21,0.043,XDS,30,79.0,2
764,27,365654929,24,3,0.675,XDS,30,79.0,0
765,27,365737242,24,24,0.073,XDS,30,79.0,3
766,29,365674252,37,5,0.331,XDS,30,100.0,0
767,29,365672971,37,10,0.09,XDS,30,100.0,0
768,29,365682275,37,24,0.099,XDS,30,100.0,2
769,29,443254789,37,26,0.851,XDS,30,100.0,2
770,56,365742435,60,72,0.715,XDS,30,31.0,3
771,55,260578828,61,55,0.161,XDS,20,,2
772,55,365710193,61,55,0.147,XDS,20,,2
773,21,365756526,19,18,0.147,XDS,30,100.0,2
774,21,365756465,19,13,0.042,XDS,30,100.0,2
775,21,365687408,19,14,0.093,XDS,30,100.0,2
776,24,365696926,29,60,0.044,XDS,30,85.0,3
777,27,431444831,27,23,0.372,XDS,30,100.0,2
778,48,365710213,51,43,0.302,XDS,30,100.0,2
779,50,365725993,51,51,0.996,XDS,30,100.0,3
780,60,365710062,64,72,0.216,XDS,30,77.0,3
781,48,365715056,48,6,0.385,XDS,30,99.0,0
782,48,365638243,48,26,0.283,XDS,30,99.0,1
783,48,365617256,48,56,0.183,XDS,30,99.0,3
784,45,365627855,43,43,1.177,XDS,30,100.0,3
785,45,443258555,43,47,0.017,XDS,30,100.0,3
786,45,443258556,43,48,0.431,XDS,30,100.0,3
787,45,443258557,43,43,0.329,XDS,30,100.0,3
788,35,443258558,40,23,0.892,XDS,30,100.0,1
789,50,365689418,51,24,0.521,XDS,30,100.0,1
790,50,260779822,51,53,1.098,XDS,30,100.0,3
791,48,365703345,50,68,0.63,XDS,30,100.0,3
792,61,365659469,61,60,0.206,XDS,30,100.0,3
793,43,443258551,47,31,0.654,XDS,30,100.0,2
794,43,443258552,47,35,0.404,XDS,30,100.0,2
795,43,443258553,47,60,0.358,XDS,30,100.0,3
796,43,443258554,47,55,0.014,XDS,30,100.0,3
797,63,332675127,66,64,0.121,XDS,30,22.0,3
798,63,365652983,66,72,0.155,XDS,30,22.0,3
799,42,365767053,42,32,0.243,XDS,30,99.0,2
800,42,406789150,42,11,0.221,XDS,30,99.0,0
801,42,406789152,42,39,0.203,XDS,30,99.0,2
802,47,365739910,47,23,0.108,XDS,30,100.0,1
803,47,365697581,47,61,0.215,XDS,30,100.0,3
804,42,365707264,39,34,0.083,XDS,30,100.0,2
805,48,365703284,51,40,1.406,XDS,30,100.0,2
806,48,365703323,51,63,0.68,XDS,30,100.0,3
807,42,365703207,45,51,1.119,XDS,30,100.0,3
808,43,365703303,45,45,1.25,XDS,30,100.0,3
809,50,463607280,50,51,1.265,XDS,30,100.0,3
810,50,431463816,50,40,0.042,XDS,30,100.0,2
811,53,463612732,51,55,1.196,XDS,30,100.0,3
812,53,431463817,51,43,0.039,XDS,30,100.0,2
813,51,365760289,53,48,0.109,XDS,30,100.0,2
814,51,365646108,53,55,0.035,XDS,30,100.0,3
815,51,365756780,53,55,0.206,XDS,30,100.0,3
816,50,365640433,53,56,0.11,XDS,30,55.0,3
817,42,431463814,43,35,0.066,XDS,30,100.0,2
818,37,365767798,39,34,0.13,XDS,30,100.0,2
819,56,365626909,56,50,0.231,XDS,30,100.0,2
820,26,443255462,29,35,0.659,XDS,30,100.0,3
821,26,443258523,29,34,0.445,XDS,30,100.0,3
822,26,443258524,29,27,0.695,XDS,30,100.0,3
823,26,460605265,29,14,0.578,XDS,30,100.0,1
824,26,460605266,29,14,0.786,XDS,30,100.0,1
825,26,365684384,27,21,0.086,XDS,30,100.0,2
826,26,365754433,27,21,0.094,XDS,30,100.0,2
827,26,431444830,27,14,0.71,XDS,30,100.0,1
828,26,443255425,27,19,1.009,XDS,30,100.0,2
829,26,443255426,27,39,0.51,XDS,30,100.0,3
830,26,443255427,27,29,0.516,XDS,30,100.0,3
831,26,443255428,27,34,0.735,XDS,30,100.0,3
832,37,365691523,43,34,0.042,XDS,30,100.0,2
833,37,443255459,43,31,0.433,XDS,30,100.0,2
834,37,443255460,43,47,0.449,XDS,30,100.0,3
835,37,365636304,42,45,0.037,XDS,30,41.0,3
836,37,365746073,42,50,0.362,XDS,30,41.0,3
837,37,443255423,42,19,1.372,XDS,30,41.0,1
838,37,443255424,42,40,0.323,XDS,30,41.0,3
839,39,365654598,42,48,0.023,XDS,30,99.0,3
840,39,365646053,42,48,0.023,XDS,30,99.0,3
841,16,365699922,21,8,0.097,XDS,30,100.0,1
842,16,365700059,21,8,0.22,XDS,30,100.0,1
843,16,365616659,21,27,0.097,XDS,30,100.0,3
844,35,365680284,39,40,0.097,XDS,30,99.0,3
845,35,443258528,40,48,0.427,XDS,30,14.0,3
846,35,443258529,40,43,0.259,XDS,30,14.0,3
847,35,443258526,37,47,0.281,XDS,30,100.0,3
848,35,443258527,37,34,0.607,XDS,30,100.0,2
849,29,406789154,40,6,0.37,XDS,30,100.0,0
850,29,406789156,40,31,0.058,XDS,30,100.0,2
851,29,406789158,40,16,0.109,XDS,30,100.0,1
852,29,431443919,40,26,0.586,XDS,30,100.0,2
853,31,431443920,39,23,3.668,XDS,30,100.0,1
854,32,431442531,37,24,0.039,XDS,30,100.0,2
855,32,406808002,37,34,0.591,XDS,30,100.0,2
856,60,365758607,61,60,0.871,XDS,30,100.0,3
857,60,365758569,61,61,0.842,XDS,30,100.0,3
858,51,365723480,53,6,0.141,XDS,30,99.0,0
859,51,365682167,53,14,0.098,XDS,30,99.0,0
860,51,365676907,53,6,0.313,XDS,30,99.0,0
861,51,431463813,53,45,0.051,XDS,30,99.0,2
862,51,431463820,53,56,0.917,XDS,30,99.0,3
863,51,431463824,53,34,1.556,XDS,30,99.0,2
864,47,443277636,48,18,0.44,XDS,30,99.0,1
865,31,365676944,27,21,0.156,XDS,30,100.0,2
866,37,443258540,40,48,0.96,XDS,30,100.0,3
867,32,443258541,35,47,0.21,XDS,30,100.0,3
868,32,443258542,35,19,0.718,XDS,30,100.0,1
869,23,365647816,29,14,0.058,XDS,30,100.0,1
870,23,443258530,29,16,1.573,XDS,30,100.0,1
871,23,443258531,29,26,0.106,XDS,30,100.0,2
872,23,443258532,29,24,0.774,XDS,30,100.0,2
873,24,443255453,32,34,0.564,XDS,30,100.0,3
874,24,443255454,32,34,0.076,XDS,30,100.0,3
875,24,443255455,32,26,0.963,XDS,30,100.0,2
876,34,460605260,40,35,0.541,XDS,30,100.0,2
877,31,365676998,34,18,0.05,XDS,30,100.0,1
878,31,365677024,34,18,0.107,XDS,30,100.0,1
879,31,365638262,34,18,0.103,XDS,30,100.0,1
880,31,443258543,34,34,0.933,XDS,30,100.0,3
881,31,443258544,34,47,0.68,XDS,30,100.0,3
882,31,443258545,34,31,0.358,XDS,30,100.0,2
883,31,443258546,34,26,0.266,XDS,30,100.0,2
884,34,443277637,40,31,0.349,XDS,30,100.0,2
885,34,443277638,40,39,0.819,XDS,30,100.0,3
886,34,443277639,40,31,1.06,XDS,30,100.0,2
887,39,365743413,42,42,0.073,XDS,30,100.0,3
888,32,460603465,34,27,0.837,XDS,30,100.0,2
889,34,460603466,39,35,0.262,XDS,30,100.0,2
890,35,443255445,35,40,0.455,XDS,30,100.0,3
891,35,460605259,35,31,0.371,XDS,30,100.0,2
892,31,365662121,32,14,0.063,XDS,30,100.0,1
893,26,332675157,27,31,1.186,XDS,30,99.0,3
894,29,443258533,31,26,0.494,XDS,30,100.0,2
895,26,443255451,26,19,0.529,XDS,30,100.0,2
896,26,443255452,26,40,0.076,XDS,30,100.0,3
897,26,332764307,27,26,1.352,XDS,30,100.0,3
898,21,332675158,23,29,0.076,XDS,30,100.0,3
899,27,365763471,24,23,0.14,XDS,30,100.0,3
900,26,431442939,31,27,0.683,XDS,30,100.0,2
901,26,365677053,31,14,0.353,XDS,30,100.0,1
902,26,365677107,31,24,1.15,XDS,30,100.0,2
903,26,431442938,31,18,0.441,XDS,30,100.0,1
904,23,431442949,27,31,0.253,XDS,30,100.0,3
905,37,365631534,40,29,1.684,XDS,30,100.0,2
906,37,443258539,40,23,0.503,XDS,30,100.0,1
907,35,443258534,43,47,0.526,XDS,30,100.0,3
908,35,443258535,43,51,0.88,XDS,30,100.0,3
909,35,443258536,43,27,0.392,XDS,30,100.0,2
910,35,365631480,43,35,1.395,XDS,30,100.0,2
911,29,365735142,32,26,2.597,XDS,30,99.0,2
912,35,365643108,37,39,1.176,XDS,30,100.0,3
913,34,365643127,37,40,1.227,XDS,30,100.0,3
914,27,365735161,29,23,2.758,XDS,30,96.0,2
915,8,460599425,11,6,0.103,XDS,30,0.0,1
916,29,365662233,31,24,0.093,XDS,30,100.0,2
917,29,460603468,31,19,0.63,XDS,30,100.0,2
918,29,443256611,31,34,0.244,XDS,30,100.0,3
919,29,443256612,31,32,0.332,XDS,30,100.0,3
920,29,431442944,31,40,0.185,XDS,30,100.0,3
921,29,332675168,31,24,0.089,XDS,30,100.0,2
922,29,365755196,31,24,0.037,XDS,30,100.0,2
923,29,406789176,31,24,0.077,XDS,30,100.0,2
924,29,443258572,31,37,1.125,XDS,30,100.0,3
925,29,443258573,31,19,1.077,XDS,30,100.0,2
926,26,443258574,31,32,0.874,XDS,30,84.0,3
927,24,460603467,26,23,0.523,XDS,30,100.0,2
928,24,406797251,26,14,0.032,XDS,30,100.0,1
929,29,443256625,31,31,0.057,XDS,30,100.0,3
930,23,460603471,24,34,0.132,XDS,30,80.0,3
931,23,332872026,24,29,0.202,XDS,30,100.0,3
932,13,443256632,16,14,0.423,XDS,20,,2
933,13,443256633,16,14,0.307,XDS,20,,2
934,24,460612607,27,19,0.185,XDS,30,90.0,2
935,24,365638115,27,23,0.027,XDS,30,100.0,2
936,24,431439227,27,27,0.077,XDS,30,100.0,3
937,24,460603475,27,26,0.309,XDS,30,100.0,3
938,24,443256627,27,27,0.729,XDS,30,100.0,3
939,24,443256628,27,23,0.424,XDS,30,100.0,2
940,24,460603476,27,27,1.243,XDS,30,100.0,3
941,24,431442337,27,34,0.555,XDS,30,100.0,3
942,26,460612608,29,27,0.137,XDS,30,100.0,3
943,24,431439226,27,37,0.057,XDS,30,100.0,3
944,24,460603477,27,34,0.722,XDS,30,100.0,3
945,24,443275433,27,37,0.261,XDS,30,100.0,3
946,24,443252427,27,40,0.234,XDS,30,100.0,3
947,24,443252425,27,27,0.702,XDS,30,100.0,3
948,24,443252429,27,16,0.485,XDS,30,100.0,1
949,24,431448312,27,40,0.464,XDS,30,100.0,3
950,43,332771921,51,16,0.1,XDS,30,100.0,0
951,47,443256654,55,45,2.101,XDS,30,100.0,2
952,29,406789179,29,6,0.075,XDS,30,26.0,0
953,27,443256618,29,21,0.479,XDS,30,89.0,2
954,29,443256619,29,21,0.39,XDS,30,26.0,2
955,29,443256620,29,11,0.654,XDS,30,26.0,1
956,26,365743502,27,8,0.143,XDS,30,100.0,0
957,27,365743519,31,10,0.115,XDS,30,100.0,1
958,61,431438047,63,40,0.056,XDS,30,100.0,2
959,77,365708471,80,79,1.161,XDS,20,,3
960,31,431442342,32,26,0.464,XDS,30,100.0,2
961,31,460613835,32,23,1.443,XDS,30,100.0,2
962,31,460612609,32,26,0.232,XDS,30,100.0,2
963,31,443277330,32,26,0.347,XDS,30,100.0,2
964,35,365642804,37,35,0.072,XDS,30,100.0,3
965,26,443252439,27,19,0.359,XDS,30,100.0,2
966,26,460603478,27,18,0.331,XDS,30,100.0,2
967,26,431442341,27,27,0.077,XDS,30,100.0,3
968,26,332804407,27,26,1.286,XDS,30,100.0,3
969,26,365640342,27,27,0.533,XDS,30,100.0,3
970,26,431455982,27,18,0.148,XDS,30,100.0,2
971,24,460603472,31,19,0.346,XDS,30,100.0,2
972,24,460603473,31,14,0.035,XDS,30,100.0,1
973,24,460603474,31,23,0.321,XDS,30,100.0,2
974,24,443256622,31,34,0.316,XDS,30,100.0,3
975,24,443256623,31,39,0.784,XDS,30,100.0,3
976,24,443256624,31,35,0.175,XDS,30,100.0,3
977,27,365702082,29,11,0.365,XDS,30,100.0,1
978,27,443256615,29,16,0.248,XDS,30,100.0,1
979,27,443256616,29,23,0.222,XDS,30,100.0,2
980,27,443256617,29,31,1.087,XDS,30,100.0,3
981,89,365705132,93,85,0.556,XDS,30,100.0,2
982,93,365617270,95,85,0.286,XDS,30,100.0,2
983,92,365614830,97,92,0.249,XDS,20,,3
984,43,365704191,43,50,0.368,XDS,30,100.0,3
985,24,443256638,27,26,0.506,XDS,30,100.0,3
986,24,443256639,27,27,0.499,XDS,30,100.0,3
987,24,443256640,27,24,0.456,XDS,30,100.0,2
988,26,443256641,27,16,0.776,XDS,30,100.0,1
989,26,460603479,29,26,0.064,XDS,30,100.0,2
990,26,460603480,29,26,0.06,XDS,30,100.0,2
991,26,443256645,29,31,0.39,XDS,30,100.0,3
992,26,443256646,29,19,0.331,XDS,30,100.0,2
993,26,443256647,29,18,0.214,XDS,30,100.0,1
994,26,443256648,29,26,0.567,XDS,30,100.0,2
995,26,443256649,29,27,0.506,XDS,30,100.0,3
996,29,431438048,37,27,0.061,XDS,30,100.0,2
997,29,443256642,37,27,0.091,XDS,30,100.0,2
998,29,365760129,37,31,1.709,XDS,30,100.0,2
999,32,365759047,39,35,2.063,XDS,30,100.0,2
1000,31,365759067,37,40,1.285,XDS,30,100.0,3
1001,31,365760147,37,31,1.658,XDS,30,100.0,2
1002,40,443256643,43,26,1.212,XDS,30,100.0,1
1003,43,431442720,47,55,0.932,XDS,30,86.0,3
1004,40,443275412,43,37,2.188,XDS,30,100.0,2
1005,39,443275413,42,40,0.533,XDS,30,100.0,3
1006,77,365695893,77,76,0.63,XDS,30,100.0,3
1007,77,365695813,77,80,0.635,XDS,30,100.0,3
1008,39,332768910,40,37,1.521,XDS,30,100.0,2
1009,37,332722041,39,34,1.655,XDS,30,100.0,2
1010,48,332592876,50,27,2.084,XDS,30,46.0,1
1011,55,365745783,55,43,1.195,XDS,30,100.0,2
1012,55,365693897,55,85,0.64,XDS,30,100.0,3
1013,55,365638072,56,55,1.052,XDS,30,67.0,3
1014,51,365668378,51,64,0.866,XDS,30,45.0,3
1015,40,443257469,43,40,2.096,XDS,20,,3
1016,39,443257474,40,39,2.204,XDS,20,,3
1017,50,443257470,53,50,1.372,XDS,20,,3
1018,63,443257472,66,68,1.406,XDS,20,,3
1019,48,443257473,50,43,1.596,XDS,30,100.0,2
1020,64,443257471,68,63,1.496,XDS,20,,3
1021,39,365769824,40,39,1.437,XDS,30,100.0,3
1022,39,365769821,40,40,1.365,XDS,20,,3
1023,68,365767494,71,68,1.138,XDS,20,,3
1024,68,365767496,71,66,1.172,XDS,20,,3
1025,53,443269852,55,60,1.551,XDS,30,100.0,3
1026,51,443269851,55,51,1.79,XDS,20,,3
1027,66,365755349,69,68,1.282,XDS,30,100.0,3
1028,68,365755302,69,68,1.263,XDS,20,,3
1029,47,460604783,47,47,1.829,XDS,30,100.0,3
1030,37,365767480,40,31,2.232,XDS,30,100.0,2
1031,53,460604782,56,48,1.755,XDS,30,100.0,2
1032,37,365767432,39,37,1.81,XDS,20,,3
1033,39,365760108,45,39,1.879,XDS,30,100.0,2
1034,45,365760055,47,45,1.586,XDS,30,100.0,3
1035,31,332872793,31,29,0.361,XDS,30,100.0,3
1036,76,253049584,80,68,0.793,XDS,30,100.0,2
1037,76,263625601,80,76,0.718,XDS,30,100.0,3
1038,77,264176215,84,97,0.561,XDS,30,100.0,3
1039,77,252978235,84,100,0.539,XDS,30,100.0,3
1040,72,365623629,74,66,0.729,XDS,30,100.0,2
1041,72,365620350,74,72,0.668,XDS,30,100.0,3
1042,76,365714666,82,79,0.612,XDS,30,100.0,3
1043,76,332861137,82,93,0.52,XDS,30,100.0,3
1044,77,365781104,82,85,0.569,XDS,30,100.0,3
1045,77,332546574,82,77,0.62,XDS,20,,3
1046,77,365714654,82,77,0.628,XDS,20,,3
1047,72,365620330,77,69,0.696,XDS,30,100.0,2
1048,72,365623618,77,66,0.727,XDS,30,100.0,2
1049,79,365781088,82,79,0.612,XDS,20,,3
1050,79,365728848,82,79,0.595,XDS,20,,3
1051,51,365714177,53,48,1.559,XDS,30,100.0,2
1052,72,365714133,72,76,0.592,XDS,30,100.0,3
1053,77,365728828,82,76,0.627,XDS,30,100.0,2
1054,42,365770212,43,43,1.41,XDS,30,100.0,3
1055,29,443270422,37,32,1.107,XDS,30,100.0,2
1056,31,443270425,35,29,1.222,XDS,30,100.0,2
1057,35,443270423,39,31,1.611,XDS,30,99.0,2
1058,32,443270424,39,31,1.611,XDS,30,62.0,2
1059,47,443270420,51,56,0.891,XDS,30,99.0,3
1060,47,443270421,51,24,2.08,XDS,30,99.0,1
1061,60,460603871,64,61,1.163,XDS,30,100.0,3
1062,56,460603872,56,40,1.73,XDS,30,83.0,2
1063,40,365746351,45,47,0.449,XDS,30,100.0,3
1064,42,365778061,43,39,1.402,XDS,30,100.0,2
1065,43,365778063,47,35,1.522,XDS,30,62.0,2
1066,51,365766466,53,47,1.733,XDS,30,100.0,2
1067,50,365766485,51,40,1.986,XDS,30,100.0,2
1068,42,365689400,45,29,0.431,XDS,30,100.0,2
1069,35,365780129,39,31,1.907,XDS,30,82.0,2
1070,39,365780133,39,19,2.956,XDS,30,90.0,1
1071,58,365651785,61,63,1.285,XDS,30,23.0,3
1072,35,431444573,39,31,0.358,XDS,30,100.0,2
1073,48,365684032,55,43,1.187,XDS,30,100.0,2
1074,55,365616697,58,50,1.122,XDS,30,100.0,2
1075,53,365616750,58,55,1.039,XDS,30,100.0,3
1076,60,332523714,64,60,1.372,XDS,30,100.0,2
1077,61,365709529,66,69,0.845,XDS,30,100.0,3
1078,56,365684077,64,72,0.699,XDS,30,100.0,3
1079,43,365770312,55,72,0.699,XDS,30,100.0,3
1080,51,431444571,55,45,0.619,XDS,30,92.0,2
1081,64,443256657,72,66,1.303,XDS,30,98.0,2
1082,45,365714512,48,26,1.656,XDS,30,100.0,1
1083,47,443258384,48,64,1.346,XDS,30,100.0,3
1084,50,365669274,55,60,0.729,XDS,20,,3
1085,43,431444120,48,47,0.935,XDS,30,100.0,3
1086,43,365669239,48,32,1.343,XDS,30,100.0,2
1087,40,365772266,40,40,0.218,XDS,20,,3
1088,47,406789193,50,18,0.696,XDS,30,100.0,1
1089,55,406789192,60,55,0.215,XDS,20,,2
1090,45,406789190,47,45,0.085,XDS,20,,3
1091,27,406789189,31,14,0.397,XDS,30,0.0,1
1092,27,406789195,31,14,0.598,XDS,30,0.0,1
1093,50,406789191,60,64,0.122,XDS,30,100.0,3
1094,50,332675515,60,35,0.249,XDS,30,100.0,1
1095,53,365658976,56,27,0.372,XDS,30,0.0,1
1096,53,406789194,56,27,0.31,XDS,30,0.0,1
1097,51,406789595,55,48,0.118,XDS,30,100.0,2
1098,51,406789596,55,45,0.078,XDS,30,100.0,2
1099,50,406789598,50,50,0.107,XDS,30,100.0,3
1100,50,406789600,50,32,0.234,XDS,30,100.0,2
1101,50,406789603,50,43,0.059,XDS,30,100.0,2
1102,40,365677859,43,42,0.131,XDS,30,100.0,3
1103,40,406789601,43,29,0.258,XDS,30,100.0,2
1104,40,406789602,43,40,0.065,XDS,30,100.0,3
1105,63,406789599,64,55,0.339,XDS,30,100.0,2
1106,53,365768108,56,63,1.39,XDS,30,77.0,3
1107,56,431449139,56,50,1.153,XDS,30,84.0,2
1108,66,365738316,66,60,0.316,XDS,30,100.0,2
1109,50,365767817,56,69,1.231,XDS,30,42.0,3
1110,61,365752494,63,63,0.93,XDS,30,100.0,3
1111,53,365755939,55,58,0.987,XDS,30,85.0,3
1112,50,365755885,53,48,1.193,XDS,30,100.0,2
1113,32,365715194,34,47,1.16,XDS,30,66.0,3
1114,31,365768767,32,19,2.31,XDS,30,99.0,1
1115,34,365738725,35,32,2.003,XDS,30,67.0,2
1116,40,365686852,42,35,1.897,XDS,30,100.0,2
1117,55,365755830,56,66,0.868,XDS,30,99.0,3
1118,27,365768752,31,27,1.65,XDS,30,100.0,2
1119,27,365738707,34,34,1.942,XDS,30,68.0,3
1120,32,365686909,35,31,2.213,XDS,30,100.0,2
1121,43,460604429,47,47,1.728,XDS,30,96.0,3
1122,43,443276667,47,32,0.494,XDS,30,96.0,2
1123,47,443276668,47,48,0.329,XDS,30,93.0,3
1124,47,460613391,47,47,1.728,XDS,30,93.0,3
1125,53,365755922,55,63,0.924,XDS,30,100.0,3
1126,53,365755810,55,42,1.363,XDS,30,100.0,2
1127,55,365755859,56,40,1.397,XDS,30,100.0,2
1128,69,406789201,71,58,0.105,XDS,30,100.0,2
1129,56,406789200,61,77,0.12,XDS,30,100.0,3
1130,56,365657869,61,53,0.205,XDS,30,100.0,2
1131,47,406789202,50,39,0.158,XDS,30,100.0,2
1132,47,365627614,50,35,0.176,XDS,30,100.0,2
1133,61,431443180,63,64,0.226,XDS,30,100.0,3
1134,69,406797610,74,76,0.739,XDS,30,100.0,3
1135,39,443274310,40,31,0.706,XDS,30,100.0,2
1136,40,443274309,43,32,0.684,XDS,30,96.0,2
1137,60,443276449,64,53,1.714,XDS,30,80.0,2
1138,66,431443181,69,64,0.226,XDS,30,100.0,3
1139,66,406797489,69,64,0.866,XDS,30,100.0,3
1140,51,406797490,55,80,0.703,XDS,30,100.0,3
1141,64,365639048,69,64,0.71,XDS,20,,3
1142,64,365698493,69,64,0.71,XDS,20,,3
1143,66,460613393,76,68,1.173,XDS,20,,2
1144,68,406797609,72,71,0.793,XDS,30,90.0,3
1145,76,365697182,80,51,0.649,XDS,30,5.0,2
1146,76,406805899,80,60,0.757,XDS,30,5.0,2
1147,13,463608933,14,13,0.192,XDS,20,,2
1148,16,463607688,14,16,0.152,XDS,20,,3
1149,47,332593683,48,37,1.521,XDS,30,100.0,2
1150,56,406789683,56,40,0.168,XDS,30,84.0,2
1151,60,460613394,63,60,0.921,XDS,20,,3
1152,40,406789687,51,55,0.221,XDS,30,100.0,3
1153,61,365714569,64,61,0.906,XDS,20,,3
1154,61,406805898,64,61,0.037,XDS,20,,3
1155,53,406789682,55,47,0.213,XDS,30,100.0,2
1156,53,365664524,55,47,0.247,XDS,30,100.0,2
1157,45,406789684,47,45,0.128,XDS,30,100.0,3
1158,45,365697801,47,43,0.286,XDS,30,100.0,3
1159,45,406789688,47,31,0.074,XDS,30,100.0,2
1160,47,406789685,53,60,0.096,XDS,30,52.0,3
1161,47,365696685,53,61,0.207,XDS,30,52.0,3
1162,37,406789686,47,39,0.306,XDS,20,,2
1163,37,443257613,47,39,0.517,XDS,20,,2
1164,37,443257614,47,39,0.601,XDS,20,,2
1165,34,365723915,43,35,1.297,XDS,20,,2
1166,37,406805897,47,39,0.058,XDS,20,,2
1167,34,365723899,45,29,1.61,XDS,30,100.0,2
1168,34,443257615,45,35,0.67,XDS,30,100.0,2
1169,34,443257616,45,43,0.458,XDS,30,100.0,3
1170,26,365667284,32,27,2.451,XDS,20,,2
1171,26,365667155,31,26,2.647,XDS,30,100.0,2
1172,55,365667077,55,63,1.027,XDS,30,100.0,3
1173,55,365667190,55,40,1.554,XDS,30,100.0,2
1174,55,365649671,61,60,0.925,XDS,30,100.0,3
1175,60,365649637,68,64,0.861,XDS,30,100.0,3
1176,61,255641496,68,63,1.308,XDS,30,100.0,3
1177,51,365627521,56,79,0.669,XDS,30,100.0,3
1178,51,365774350,56,34,1.567,XDS,30,100.0,1
1179,56,365627579,56,42,1.268,XDS,30,-1.0,2
1180,56,365627465,56,79,0.668,XDS,30,-1.0,3
1181,55,365715754,55,69,0.79,XDS,30,100.0,3
1182,51,365715735,56,64,0.852,XDS,30,0.0,3
1183,71,365674491,69,56,0.641,XDS,30,97.0,2
1184,71,365674450,69,84,0.725,XDS,30,97.0,3
1185,68,365674468,71,68,0.885,XDS,20,,3
1186,68,365674509,71,68,0.528,XDS,20,,3
1187,39,332769307,42,35,0.388,XDS,20,,2
1188,43,332593994,45,47,0.295,XDS,20,,3
1189,24,365614392,27,39,0.18,XDS,30,100.0,3
1190,16,365614410,26,16,0.439,XDS,20,,1
1191,31,365778305,32,32,0.676,XDS,30,100.0,3
1192,31,365778309,32,31,0.698,XDS,30,0.0,3
1193,71,365622165,72,71,0.864,XDS,20,,3
1194,61,365622069,68,61,1.006,XDS,20,,2
1195,68,365656993,72,66,0.858,XDS,30,100.0,2
1196,56,431442892,66,61,1.393,XDS,30,100.0,3
1197,56,365779636,61,56,1.491,XDS,30,100.0,2
1198,55,365750445,55,55,0.947,XDS,20,,3
1199,55,365621447,55,55,0.793,XDS,20,,3
1200,56,365657086,61,58,0.977,XDS,30,100.0,3
1201,56,431448831,61,47,0.298,XDS,30,100.0,2
1202,51,460610586,55,40,1.15,XDS,30,100.0,2
1203,51,460613018,55,74,0.601,XDS,30,100.0,3
1204,60,431452217,61,63,0.662,XDS,30,100.0,3
1205,51,431452216,56,47,0.907,XDS,30,100.0,2
1206,24,460614695,27,23,1.213,XDS,30,100.0,2
1207,14,460602059,18,18,0.776,XDS,30,51.0,3
1208,14,431442805,13,14,0.082,XDS,20,,3
1209,11,431442806,13,11,0.102,XDS,20,,2
1210,13,431442804,11,13,0.079,XDS,20,,3
1211,34,406795209,40,43,0.135,XDS,30,0.0,3
1212,34,365689822,40,43,0.131,XDS,30,0.0,3
1213,34,406795208,35,34,0.171,XDS,20,,3
1214,34,365689921,35,34,0.166,XDS,20,,3
1215,31,365750248,34,23,1.236,XDS,30,92.0,2
1216,31,431456242,34,31,0.303,XDS,30,92.0,2
1217,21,431442641,27,29,0.518,XDS,30,100.0,3
1218,21,460610579,27,13,0.753,XDS,30,100.0,1
1219,19,431452093,23,18,0.834,XDS,30,100.0,2
1220,19,460610580,23,21,0.466,XDS,30,100.0,3
1221,29,431452091,32,14,2.771,XDS,30,8.0,1
1222,27,365683205,31,24,1.588,XDS,30,100.0,2
1223,29,431442643,34,19,1.099,XDS,30,100.0,1
1224,34,332769254,39,47,1.754,XDS,30,100.0,3
1225,29,332731379,34,31,0.169,XDS,30,100.0,2
1226,29,255890837,34,24,0.674,XDS,30,100.0,2
1227,72,365640184,76,79,1.109,XDS,30,100.0,3
1228,42,365621809,43,42,1.08,XDS,20,,3
1229,69,365621832,72,69,0.735,XDS,20,,3
1230,69,365621830,72,69,0.854,XDS,20,,3
1231,66,365621886,69,66,0.928,XDS,20,,3
1232,66,365621813,69,66,0.607,XDS,20,,3
1233,42,365621756,43,42,1.012,XDS,20,,3
1234,72,365621620,77,76,0.676,XDS,30,100.0,3
1235,68,365621732,72,68,0.823,XDS,20,,3
1236,72,365621676,74,71,0.946,XDS,20,,3
1237,72,365621714,74,71,0.484,XDS,20,,3
1238,74,365621637,79,77,0.741,XDS,30,100.0,3
1239,74,365621544,80,77,0.741,XDS,30,100.0,3
1240,80,365627049,90,76,0.096,XDS,30,100.0,2
1241,47,406789106,48,47,0.089,XDS,20,,3
1242,84,406789104,92,93,0.009,XDS,30,100.0,3
1243,87,365621524,95,97,0.036,XDS,30,100.0,3
1244,79,406789105,89,76,0.011,XDS,30,100.0,2
1245,50,431438810,51,50,0.081,XDS,20,,3
1246,56,460604678,63,56,1.681,XDS,20,,2
1247,60,460604677,60,64,1.474,XDS,30,98.0,3
1248,53,365640652,58,47,1.096,XDS,30,70.0,2
1249,53,365640765,56,48,0.891,XDS,30,100.0,2
1250,53,365733049,56,48,1.21,XDS,30,100.0,2
1251,48,365673890,50,48,1.004,XDS,20,,3
1252,48,365673906,53,40,1.205,XDS,30,100.0,2
1253,26,365635582,34,21,0.033,XDS,30,0.0,1
1254,26,365753361,34,21,0.036,XDS,30,0.0,1
1255,26,365726910,34,21,1.94,XDS,30,0.0,1
1256,26,255912587,34,21,0.335,XDS,30,0.0,1
1257,26,332674881,34,21,0.178,XDS,30,0.0,1
1258,26,443255417,34,21,0.813,XDS,30,0.0,1
1259,26,443255418,34,21,0.585,XDS,30,0.0,1
1260,24,365635595,32,5,0.137,XDS,30,100.0,0
1261,24,365753489,32,34,0.022,XDS,30,100.0,3
1262,24,365726929,32,23,1.852,XDS,30,100.0,2
1263,24,260477126,32,11,0.587,XDS,30,100.0,1
1264,24,332639474,32,14,0.266,XDS,30,100.0,1
1265,24,443255419,32,35,0.342,XDS,30,100.0,3
1266,24,443255420,32,39,0.449,XDS,30,100.0,3
1267,37,406789172,40,35,0.014,XDS,30,100.0,2
1268,35,406789174,39,35,0.221,XDS,30,59.0,2
1269,37,431442118,40,31,0.459,XDS,30,100.0,2
1270,56,365753008,60,68,0.909,XDS,20,,3
1271,37,431450136,40,39,1.58,XDS,30,100.0,3
1272,48,365751852,50,42,1.468,XDS,30,100.0,2
1273,53,431442123,55,72,0.859,XDS,30,76.0,3
1274,72,365753049,76,72,0.862,XDS,20,,3
1275,68,431442124,72,68,0.912,XDS,20,,3
1276,29,365706309,37,34,0.518,XDS,30,100.0,2
1277,32,365706210,35,32,0.534,XDS,20,,2
1278,34,365732592,39,39,1.723,XDS,30,100.0,3
1279,21,431443352,26,27,0.792,XDS,30,100.0,3
1280,21,431443361,26,24,0.047,XDS,30,100.0,3
1281,21,365636888,26,27,0.504,XDS,30,100.0,3
1282,26,365638731,29,27,1.228,XDS,30,49.0,3
1283,51,365752417,55,51,1.523,XDS,20,,3
1284,50,431443362,53,50,0.496,XDS,20,,3
1285,48,365752357,56,56,1.387,XDS,30,100.0,3
1286,45,431448064,51,51,0.486,XDS,30,100.0,3
1287,58,365780204,56,56,0.962,XDS,30,100.0,3
1288,48,365780202,51,47,1.146,XDS,30,96.0,2
1289,43,431442292,48,48,1.099,XDS,30,100.0,3
1290,24,365741531,31,23,1.593,XDS,30,100.0,2
1291,34,365741661,35,32,1.145,XDS,30,0.0,2
1292,48,431442294,55,43,1.224,XDS,30,62.0,2
1293,61,365633541,69,74,0.728,XDS,30,100.0,3
1294,72,332714142,71,84,0.641,XDS,30,100.0,3
1295,43,443257602,43,43,1.477,XDS,20,,3
1296,42,264106246,43,42,0.455,XDS,20,,3
1297,42,256081548,43,42,0.205,XDS,20,,3
1298,42,264127743,43,42,0.242,XDS,20,,3
1299,56,365700770,63,76,0.755,XDS,30,63.0,3
1300,48,443257601,55,60,1.076,XDS,30,100.0,3
1301,48,252985521,55,34,0.563,XDS,30,100.0,1
1302,48,260959735,55,29,0.298,XDS,30,100.0,1
1303,48,252921642,55,34,0.299,XDS,30,100.0,1
1304,74,443257594,80,93,1.013,XDS,30,96.0,3
1305,50,365749911,56,69,0.779,XDS,30,98.0,3
1306,40,365749892,47,43,0.925,XDS,30,100.0,3
1307,40,365749782,47,39,1.209,XDS,30,100.0,2
1308,79,365700853,82,79,0.505,XDS,20,,3
1309,79,365700891,82,79,0.505,XDS,20,,3
1310,72,365700829,77,72,0.786,XDS,20,,3
1311,72,365700792,77,72,0.554,XDS,20,,3
1312,72,365700911,77,72,0.554,XDS,20,,3
1313,43,460611909,47,47,1.856,XDS,30,67.0,3
1314,48,443257606,55,48,1.836,XDS,20,,2
1315,45,460611910,48,45,1.897,XDS,20,,3
1316,64,443257605,71,64,1.313,XDS,20,,2
1317,55,443257607,60,55,1.636,XDS,20,,2
1318,66,443257608,69,66,1.293,XDS,20,,3
1319,51,332674588,58,68,0.149,XDS,30,62.0,3
1320,51,256327984,58,43,0.517,XDS,30,62.0,2
1321,51,365657065,51,21,4.463,XDS,30,1.0,1
1322,68,365675266,71,85,0.493,XDS,30,63.0,3
1323,71,365675287,72,63,0.677,XDS,30,100.0,2
1324,56,332804364,60,63,0.677,XDS,30,100.0,3
1325,58,365675302,61,42,0.999,XDS,30,100.0,2
1326,58,332443603,61,69,0.608,XDS,30,100.0,3
1327,43,365675322,47,37,1.134,XDS,30,100.0,2
1328,37,365734588,37,47,0.692,XDS,30,100.0,3
1329,29,332721793,34,26,1.368,XDS,30,100.0,2
1330,29,260803479,34,31,0.244,XDS,30,100.0,2
1331,29,260212215,34,31,0.695,XDS,30,100.0,2
1332,32,365647314,35,31,1.103,XDS,30,100.0,2
1333,32,256288664,35,23,0.329,XDS,30,100.0,2
1334,32,256205216,35,27,0.798,XDS,30,100.0,2
1335,61,365749254,69,61,0.193,XDS,20,,2
1336,40,365649271,42,40,0.239,XDS,30,100.0,3
1337,55,406795189,55,55,0.214,XDS,20,,3
1338,55,365649289,55,55,0.266,XDS,20,,3
1339,55,406795195,55,55,0.076,XDS,20,,3
1340,50,406795192,51,37,0.21,XDS,30,100.0,2
1341,50,365649280,51,48,0.305,XDS,30,100.0,3
1342,50,406795193,51,42,0.099,XDS,30,100.0,2
1343,53,365695183,60,53,1.078,XDS,20,,2
1344,63,365695129,63,53,1.078,XDS,30,100.0,2
1345,63,365747460,63,64,0.185,XDS,30,100.0,3
1346,63,365651686,63,51,0.169,XDS,30,100.0,2
1347,43,406789146,42,50,0.042,XDS,30,100.0,3
1348,43,260187303,42,47,0.978,XDS,30,100.0,3
1349,43,261019062,42,61,0.229,XDS,30,100.0,3
1350,43,260727089,42,50,0.035,XDS,30,100.0,3
1351,39,406789144,43,43,0.116,XDS,30,100.0,3
1352,29,365717029,32,27,0.452,XDS,30,0.0,2
1353,23,365717049,31,23,0.531,XDS,20,,2
1354,43,406789142,45,31,0.226,XDS,30,99.0,2
1355,43,365663055,45,31,0.24,XDS,30,99.0,2
1356,34,406789140,34,26,0.09,XDS,30,100.0,2
1357,64,365640703,61,77,0.135,XDS,30,100.0,3
1358,64,406789141,61,48,0.049,XDS,30,100.0,2
1359,64,365663043,61,60,0.122,XDS,30,100.0,3
1360,13,365614484,23,11,0.268,XDS,30,0.0,1
1361,37,365669944,34,43,0.08,XDS,30,97.0,3
1362,39,365626237,37,34,2.328,XDS,30,89.0,2
1363,26,365727285,29,26,2.246,XDS,20,,2
1364,26,332675328,29,26,0.026,XDS,20,,2
1365,27,406789136,31,43,0.067,XDS,30,100.0,3
1366,27,406789138,31,47,0.058,XDS,30,100.0,3
1367,27,406789143,31,47,0.106,XDS,30,100.0,3
1368,27,406789145,31,47,0.044,XDS,30,100.0,3
1369,27,365727226,31,29,2.013,XDS,30,100.0,3
1370,27,365756436,31,21,0.146,XDS,30,100.0,2
1371,31,443270403,32,21,1.793,XDS,30,0.0,2
1372,31,443270404,32,21,1.219,XDS,30,0.0,2
1373,27,443270405,31,27,0.948,XDS,20,,2
1374,27,443270406,31,27,1.394,XDS,20,,2
1375,14,431439230,16,14,0.086,XDS,20,,2
1376,14,431439231,16,14,0.072,XDS,20,,2
1377,21,365635662,21,21,0.017,XDS,20,,3
1378,14,431439228,16,14,0.052,XDS,20,,2
1379,14,431439229,16,14,0.078,XDS,20,,2
1380,14,431439232,16,14,0.044,XDS,20,,2
1381,32,431442311,37,32,0.15,XDS,20,,2
1382,35,431448319,39,32,0.16,XDS,30,0.0,2
1383,42,406789122,43,42,0.163,XDS,20,,3
1384,24,365763504,31,27,2.047,XDS,30,77.0,2
1385,34,431448317,37,34,0.175,XDS,30,0.0,2
1386,39,431443313,40,27,0.213,XDS,30,0.0,2
1387,27,365763408,31,27,2.123,XDS,30,77.0,2
1388,48,406789121,48,43,0.191,XDS,30,95.0,2
1389,58,365648258,56,58,0.012,XDS,20,,3
1390,58,365762175,56,58,0.302,XDS,20,,3
1391,58,260462436,56,58,0.304,XDS,20,,3
1392,31,443255413,35,40,0.772,XDS,30,100.0,3
1393,31,443255414,35,37,0.017,XDS,30,100.0,3
1394,31,443255415,35,26,0.983,XDS,30,100.0,2
1395,31,443255416,35,23,0.923,XDS,30,100.0,2
1396,31,443270416,35,29,0.687,XDS,30,100.0,2
1397,31,443270417,35,37,0.664,XDS,30,100.0,3
1398,31,443270418,35,43,0.014,XDS,30,100.0,3
1399,31,443270419,35,27,1.103,XDS,30,100.0,2
1400,27,365664082,32,29,2.156,XDS,30,44.0,2
1401,23,255896179,26,14,0.092,XDS,30,100.0,1
1402,23,256549006,26,19,0.199,XDS,30,100.0,2
1403,23,255771437,26,19,0.116,XDS,30,100.0,2
1404,23,256033202,26,21,0.086,XDS,30,100.0,2
1405,23,264186248,26,26,0.28,XDS,30,100.0,3
1406,23,256669946,26,26,0.142,XDS,30,100.0,3
1407,23,256240185,26,21,0.234,XDS,30,100.0,2
1408,23,332497610,26,26,2.203,XDS,30,100.0,3
1409,23,255801327,26,23,0.244,XDS,30,100.0,2
1410,24,260446529,26,16,0.081,XDS,30,100.0,1
1411,24,260495276,26,21,0.18,XDS,30,100.0,2
1412,24,260647691,26,19,0.11,XDS,30,100.0,2
1413,24,260383579,26,19,0.095,XDS,30,100.0,2
1414,24,260399060,26,23,0.304,XDS,30,100.0,2
1415,24,260282621,26,23,0.161,XDS,30,100.0,2
1416,24,260785570,26,19,0.246,XDS,30,100.0,2
1417,24,332875441,26,26,2.203,XDS,30,100.0,3
1418,24,260648385,26,19,0.268,XDS,30,100.0,2
1419,24,332675647,24,24,0.088,XDS,20,,3
1420,19,332675145,21,19,0.116,XDS,20,,2
1421,23,431441957,27,23,3.812,XDS,30,100.0,2
1422,26,431456667,29,23,3.812,XDS,30,100.0,2
1423,27,365614488,32,39,0.086,XDS,30,100.0,3
1424,27,332674976,31,11,0.214,XDS,30,100.0,1
1425,27,365613511,31,11,0.076,XDS,30,100.0,1
1426,27,365694093,31,26,1.971,XDS,30,100.0,2
1427,21,365666671,24,5,0.342,XDS,30,100.0,0
1428,21,443255433,24,35,0.286,XDS,30,100.0,3
1429,23,365679748,29,16,0.14,XDS,30,100.0,1
1430,26,365706096,31,18,0.947,XDS,30,100.0,1
1431,19,365660417,13,19,0.144,XDS,20,,3
1432,11,365763692,16,16,0.141,XDS,30,100.0,3
1433,35,431440383,37,37,0.048,XDS,30,100.0,3
1434,35,443255432,37,45,0.166,XDS,30,100.0,3
1435,35,365655342,37,40,0.825,XDS,30,100.0,3
1436,39,365614390,42,40,0.528,XDS,30,0.0,3
1437,19,431442517,24,26,0.117,XDS,30,100.0,3
1438,31,365726074,32,31,1.103,XDS,30,100.0,3
1439,31,431442512,32,18,0.269,XDS,30,100.0,1
1440,37,365700715,43,39,0.017,XDS,30,0.0,2
1441,64,365619299,66,64,0.298,XDS,20,,3
1442,64,365663436,69,64,0.012,XDS,20,,3
1443,45,365700462,43,39,1.523,XDS,30,95.0,2
1444,23,365700734,24,23,0.154,XDS,30,100.0,3
1445,23,443255442,24,26,0.252,XDS,30,100.0,3
1446,24,443255443,27,31,0.541,XDS,30,100.0,3
1447,47,365719519,47,34,0.041,XDS,30,100.0,2
1448,40,365700481,43,35,1.662,XDS,30,100.0,2
1449,45,365663454,50,47,0.311,XDS,30,0.0,3
1450,16,431440382,21,10,0.064,XDS,30,100.0,1
1451,16,406789160,21,10,0.145,XDS,30,100.0,1
1452,16,260745235,21,14,0.15,XDS,30,100.0,2
1453,16,256167221,21,11,0.975,XDS,30,100.0,1
1454,16,260737831,21,14,1.096,XDS,30,100.0,2
1455,19,365757392,23,14,0.046,XDS,30,100.0,2
1456,19,406789161,23,14,0.104,XDS,30,100.0,2
1457,19,256307514,23,11,0.176,XDS,30,100.0,1
1458,19,260870431,23,23,0.487,XDS,30,100.0,3
1459,19,264194121,23,18,0.903,XDS,30,100.0,2
1460,60,365692724,61,60,0.26,XDS,20,,3
1461,21,443255438,31,31,0.236,XDS,30,100.0,3
1462,19,260187186,26,24,1.559,XDS,30,100.0,3
1463,26,365727860,27,27,0.136,XDS,30,95.0,3
1464,26,365741310,27,8,0.131,XDS,30,95.0,0
1465,26,431442521,27,26,0.439,XDS,30,95.0,3
1466,26,443255447,27,13,2.353,XDS,30,95.0,1
1467,26,443255448,27,21,0.775,XDS,30,95.0,2
1468,26,443255449,27,27,0.229,XDS,30,95.0,3
1469,26,365626696,27,16,0.468,XDS,30,95.0,1
1470,24,365617849,27,23,0.046,XDS,30,100.0,2
1471,24,443255444,27,27,1.093,XDS,30,100.0,3
1472,24,431442520,27,23,0.496,XDS,30,100.0,2
1473,24,365670736,27,26,0.3,XDS,30,100.0,3
1474,27,332675697,32,24,0.051,XDS,30,100.0,2
1475,24,443277327,24,34,0.086,XDS,30,94.0,3
1476,32,443255456,34,26,0.06,XDS,30,100.0,2
1477,18,255858754,19,10,0.557,XDS,30,100.0,1
1478,18,443255450,19,19,0.886,XDS,30,100.0,3
1479,18,256009301,19,11,0.543,XDS,30,100.0,1
1480,18,264173652,19,10,0.291,XDS,30,100.0,1
1481,18,332675651,19,18,0.125,XDS,30,100.0,2
1482,18,260736060,19,18,0.185,XDS,30,100.0,2
1483,18,260794049,19,18,0.103,XDS,30,100.0,2
1484,18,406797009,19,18,0.276,XDS,30,100.0,2
1485,18,260361474,23,13,0.386,XDS,30,100.0,1
1486,18,261030992,23,14,0.426,XDS,30,100.0,2
1487,18,260699535,23,18,0.171,XDS,30,100.0,2
1488,18,332638744,23,14,0.141,XDS,30,100.0,2
1489,18,256280491,23,10,0.333,XDS,30,100.0,1
1490,18,256211731,23,11,0.155,XDS,30,100.0,1
1491,18,406797010,23,14,0.355,XDS,30,100.0,2
1492,18,443255461,23,14,1.122,XDS,30,100.0,2
1493,24,443258567,26,14,0.098,XDS,30,100.0,1
1494,24,431442161,26,8,0.396,XDS,30,100.0,0
1495,24,460603460,26,23,0.323,XDS,30,100.0,2
1496,24,443258565,26,35,0.61,XDS,30,100.0,3
1497,24,263777452,26,34,0.521,XDS,30,100.0,3
1498,19,443252413,24,11,0.176,XDS,30,100.0,1
1499,19,443252415,24,19,0.184,XDS,30,100.0,2
1500,19,443258569,24,31,0.047,XDS,30,100.0,3
1501,19,460603461,24,14,0.624,XDS,30,100.0,1
1502,19,460603464,24,18,0.534,XDS,30,100.0,2
1503,26,406789177,29,11,0.168,XDS,30,100.0,1
1504,27,443276038,31,31,1.343,XDS,30,100.0,3
1505,32,365660579,34,18,0.036,XDS,30,100.0,1
1506,32,365744582,34,37,1.734,XDS,30,100.0,3
1507,31,365655601,34,42,0.811,XDS,30,100.0,3
1508,34,443258537,35,35,0.973,XDS,30,100.0,3
1509,34,443258538,35,39,1.689,XDS,30,100.0,3
1510,27,443277325,34,23,0.629,XDS,30,100.0,2
1511,27,443277326,34,19,1.629,XDS,30,100.0,1
1512,27,431454868,34,27,0.283,XDS,30,100.0,2
1513,31,443255457,35,32,1.036,XDS,30,100.0,2
1514,31,443255458,35,31,0.438,XDS,30,100.0,2
1515,31,431454867,35,26,0.317,XDS,30,100.0,2
1516,24,431454870,31,19,1.428,XDS,30,95.0,2
1517,35,431445071,39,16,1.785,XDS,30,14.0,1
1518,34,443276036,34,27,1.05,XDS,30,100.0,2
1519,29,443276037,31,31,0.695,XDS,30,100.0,3
1520,10,365629060,11,10,0.268,XDS,20,,2
1521,21,256477314,16,11,0.427,XDS,30,100.0,2
1522,16,255926494,19,11,0.124,XDS,30,100.0,1
1523,16,256451345,19,21,0.13,XDS,30,100.0,3
1524,16,256288534,19,19,0.149,XDS,30,100.0,3
1525,16,255655357,19,16,0.343,XDS,30,100.0,2
1526,16,256521164,19,14,0.362,XDS,30,100.0,2
1527,16,256282717,19,19,0.345,XDS,30,100.0,3
1528,16,255850063,19,19,0.294,XDS,30,100.0,3
1529,16,332814664,19,18,0.871,XDS,30,100.0,2
1530,16,256854692,19,14,0.196,XDS,30,100.0,2
1531,16,255654838,19,11,0.434,XDS,30,100.0,1
1532,23,443256634,29,35,0.07,XDS,30,50.0,3
1533,23,443256635,29,31,0.248,XDS,30,50.0,3
1534,24,365693977,27,26,0.034,XDS,30,100.0,3
1535,24,431445056,27,27,0.319,XDS,30,100.0,3
1536,24,443277321,27,23,1.304,XDS,30,100.0,2
1537,24,443277322,27,24,0.537,XDS,30,100.0,2
1538,21,365618520,21,13,0.067,XDS,30,100.0,1
1539,21,365641249,21,29,0.075,XDS,30,100.0,3
1540,21,332675049,21,16,0.49,XDS,30,100.0,2
1541,21,431445059,21,24,0.359,XDS,30,100.0,3
1542,21,443277323,21,11,1.073,XDS,30,100.0,1
1543,21,443277324,21,18,1.687,XDS,30,100.0,2
1544,40,431447228,43,29,0.019,XDS,30,100.0,2
1545,40,332544090,43,40,1.885,XDS,30,100.0,3
1546,35,431447229,40,21,0.026,XDS,30,41.0,1
1547,35,332439849,40,45,1.675,XDS,30,41.0,3
1548,21,443256636,26,21,0.708,XDS,30,100.0,2
1549,34,260465589,29,6,0.578,XDS,30,100.0,0
1550,39,406789183,40,29,0.059,XDS,30,100.0,2
1551,39,332638711,40,40,1.554,XDS,30,100.0,3
1552,39,443256651,40,26,0.207,XDS,30,100.0,2
1553,39,431444108,40,34,0.415,XDS,30,100.0,2
1554,51,365650965,51,51,0.013,XDS,10,,3
1555,26,332537739,27,21,2.993,XDS,30,98.0,2
1556,19,255521645,21,19,0.249,XDS,30,100.0,2
1557,19,256241985,21,21,0.397,XDS,30,100.0,3
1558,19,260443720,21,19,0.63,XDS,30,100.0,2
1559,19,256047868,21,16,0.618,XDS,30,100.0,2
1560,19,406797238,21,23,0.738,XDS,30,100.0,3
1561,19,260349840,21,11,0.123,XDS,30,100.0,1
1562,19,260495191,21,11,0.466,XDS,30,100.0,1
1563,23,332819963,26,23,2.73,XDS,30,55.0,2
1564,39,365744617,40,8,0.36,XDS,30,0.0,0
1565,14,365620479,19,6,1.961,XDS,30,100.0,1
1566,35,431442343,40,34,0.103,XDS,30,100.0,2
1567,35,443256652,40,42,0.574,XDS,30,100.0,3
1568,35,443256653,40,35,0.739,XDS,30,100.0,2
1569,35,431455406,40,43,0.433,XDS,30,100.0,3
1570,31,443281495,37,48,0.133,XDS,30,81.0,3
1571,35,431455408,40,24,0.025,XDS,30,100.0,1
1572,31,365707728,35,19,0.756,XDS,30,100.0,1
1573,31,443256637,35,21,0.235,XDS,30,100.0,1
1574,31,431442344,35,27,0.13,XDS,30,100.0,2
1575,31,443269938,35,37,0.699,XDS,30,100.0,3
1576,31,443269939,35,31,0.806,XDS,30,100.0,2
1577,26,443281494,35,27,0.242,XDS,30,100.0,2
1578,31,431444121,35,35,0.545,XDS,30,100.0,3
1579,31,431455407,35,31,0.02,XDS,30,100.0,2
1580,21,406789199,34,24,0.076,XDS,30,100.0,2
1581,26,365651021,26,19,0.035,XDS,30,100.0,2
1582,26,365646218,26,14,0.126,XDS,30,100.0,1
1583,26,365613218,26,21,0.296,XDS,30,100.0,2
1584,26,406789197,26,11,0.176,XDS,30,100.0,1
1585,18,365646199,21,27,0.065,XDS,30,100.0,3
1586,18,365613312,21,31,0.207,XDS,30,100.0,3
1587,18,406789196,21,13,0.149,XDS,30,100.0,1
1588,27,431438052,34,48,0.038,XDS,30,61.0,3
1589,21,431438054,23,21,0.145,XDS,20,,3
1590,40,365680702,40,43,1.164,XDS,30,100.0,3
1591,37,332799445,37,37,1.385,XDS,30,93.0,3
1592,23,406789198,34,27,0.083,XDS,30,71.0,2
1593,23,431444123,34,39,0.164,XDS,30,71.0,3
1594,32,431438051,35,31,0.072,XDS,30,100.0,2
1595,32,431444122,35,37,0.173,XDS,30,100.0,3
1596,39,332441210,37,42,1.22,XDS,30,100.0,3
1597,39,264110391,37,43,1.164,XDS,30,100.0,3
1598,27,443256656,31,31,0.605,XDS,30,100.0,3
1599,27,431444118,31,26,1.681,XDS,30,100.0,2
1600,40,431444129,40,31,2.474,XDS,30,92.0,2
1601,29,365705965,32,27,1.619,XDS,30,100.0,2
1602,29,443256655,32,31,0.585,XDS,30,100.0,3
1603,39,365777888,40,37,2.072,XDS,20,,2
1604,24,431444124,29,35,0.47,XDS,30,100.0,3
1605,24,431444125,29,31,0.313,XDS,30,100.0,3
1606,24,332768916,29,19,0.203,XDS,30,100.0,2
1607,24,332837179,29,19,0.398,XDS,30,100.0,2
1608,24,332675474,29,23,0.285,XDS,30,100.0,2
1609,24,332675473,29,24,0.027,XDS,30,100.0,2
1610,24,332675472,29,31,0.118,XDS,30,100.0,3
1611,24,332675471,29,31,0.192,XDS,30,100.0,3
1612,24,332452317,29,31,0.022,XDS,30,100.0,3
1613,24,365658802,29,31,0.286,XDS,30,100.0,3
1614,24,431460300,29,24,0.49,XDS,30,100.0,2
1615,24,332782896,29,31,0.149,XDS,30,100.0,3
1616,24,332866032,29,31,0.077,XDS,30,100.0,3
1617,26,431444126,29,35,0.47,XDS,30,100.0,3
1618,26,332546955,29,18,0.225,XDS,30,100.0,1
1619,26,332480672,29,19,0.378,XDS,30,100.0,2
1620,26,332638918,29,24,0.274,XDS,30,100.0,2
1621,26,332638919,29,24,0.027,XDS,30,100.0,2
1622,26,332638920,29,32,0.114,XDS,30,100.0,3
1623,26,332638921,29,31,0.192,XDS,30,100.0,3
1624,26,431443173,29,31,0.022,XDS,30,100.0,3
1625,26,365658821,29,31,0.295,XDS,30,100.0,3
1626,26,431460301,29,31,0.317,XDS,30,100.0,3
1627,26,431444128,29,26,0.452,XDS,30,100.0,2
1628,26,332533621,29,29,0.16,XDS,30,100.0,3
1629,26,332452316,29,29,0.083,XDS,30,100.0,3
1630,31,255941090,34,31,2.027,XDS,30,100.0,2
1631,27,365704169,31,16,0.086,XDS,30,100.0,1
1632,27,365638548,32,31,2.715,XDS,30,85.0,3
1633,39,365638986,39,47,1.531,XDS,30,14.0,3
1634,31,365638568,31,35,2.434,XDS,30,100.0,3
1635,31,443274007,31,16,0.305,XDS,30,100.0,1
1636,37,332675020,40,37,2.541,XDS,30,100.0,2
1637,35,460603489,37,35,0.277,XDS,20,,3
1638,35,365639006,37,35,2.055,XDS,20,,3
1639,31,365735864,32,31,0.202,XDS,20,,3
1640,47,406789170,48,43,0.088,XDS,30,0.0,2
1641,34,365671619,35,21,0.617,XDS,30,100.0,1
1642,60,406789169,56,51,0.14,XDS,30,0.0,2
1643,60,332760613,56,51,0.123,XDS,30,0.0,2
1644,24,431442125,27,8,0.795,XDS,30,99.0,0
1645,24,365636820,27,27,1.984,XDS,30,99.0,3
1646,24,365717960,27,19,3.004,XDS,30,99.0,2
1647,24,365731399,27,14,1.204,XDS,30,99.0,1
1648,24,431442126,27,11,0.578,XDS,30,100.0,1
1649,24,365717940,27,27,2.114,XDS,30,100.0,3
1650,24,365636765,27,29,1.846,XDS,30,100.0,3
1651,24,365731269,27,24,0.753,XDS,30,100.0,2
1652,31,406789171,35,18,0.026,XDS,30,100.0,1
1653,31,406789173,35,32,0.241,XDS,30,100.0,2
1654,31,431442117,35,42,0.328,XDS,30,100.0,3
1655,55,365732923,55,53,0.304,XDS,30,0.0,3
1656,51,365714014,51,51,0.016,XDS,10,,3
1657,51,365646166,51,51,0.016,XDS,10,,3
1658,51,365748028,51,51,0.016,XDS,10,,3
1659,10,365694113,10,10,0.083,XDS,20,,3
1660,32,365671516,31,34,2.466,XDS,30,90.0,3
1661,43,332800863,42,43,1.135,XDS,20,,3
1662,39,365782106,40,39,1.251,XDS,20,,3
1663,43,460603850,48,40,2.249,XDS,30,69.0,2
1664,50,460603851,48,50,1.799,XDS,20,,3
1665,42,365782134,40,42,1.162,XDS,20,,3
1666,42,332515924,40,42,1.162,XDS,20,,3
1667,16,365627281,18,16,0.108,XDS,20,,2
1668,31,365627299,27,31,0.056,XDS,20,,3
1669,26,365691921,24,26,0.317,XDS,20,,3
1670,21,365691939,26,21,0.378,XDS,20,,2
1671,23,365754965,27,23,2.283,XDS,30,100.0,2
1672,29,365636654,31,31,1.674,XDS,30,100.0,3
1673,55,365762279,55,40,1.334,XDS,30,90.0,2
1674,60,365762297,58,60,0.904,XDS,20,,3
1675,27,365660551,34,27,1.357,XDS,20,,2
1676,31,365660572,34,26,1.409,XDS,30,37.0,2
1677,60,365762387,64,76,0.711,XDS,30,81.0,3
1678,55,332800853,56,21,0.283,XDS,30,99.0,1
1679,55,365678582,56,48,1.82,XDS,30,99.0,2
1680,53,332515931,58,53,0.112,XDS,20,,2
1681,53,365678528,58,53,1.682,XDS,20,,2
1682,76,365762408,74,76,0.702,XDS,20,,3
1683,48,365762368,48,34,1.569,XDS,30,0.0,2
1684,51,365614762,53,42,1.421,XDS,30,100.0,2
1685,63,365614781,69,56,1.066,XDS,30,100.0,2
1686,60,365762348,64,68,0.796,XDS,30,81.0,3
1687,43,332723293,43,29,0.187,XDS,30,0.0,2
1688,31,431446888,34,27,0.205,XDS,30,100.0,2
1689,34,365721922,37,35,1.403,XDS,30,100.0,3
1690,51,365743499,55,51,0.983,XDS,30,69.0,3
1691,68,365743460,69,77,0.65,XDS,30,100.0,3
1692,68,365743565,69,63,0.83,XDS,30,100.0,2
1693,64,365743545,72,64,0.804,XDS,20,,2
1694,64,365743584,72,64,0.782,XDS,20,,2
1695,48,365743481,48,35,1.433,XDS,30,0.0,2
1696,48,365738984,50,58,0.832,XDS,30,62.0,3
1697,69,365738856,69,58,0.92,XDS,30,40.0,2
1698,69,365738894,69,48,1.037,XDS,30,40.0,2
1699,51,365666249,47,43,1.181,XDS,30,74.0,3
1700,40,431441732,47,40,1.839,XDS,20,,2
1701,40,406794927,45,101,0.123,XDS,30,100.0,3
1702,40,431455235,45,43,1.672,XDS,30,100.0,3
1703,40,365760923,43,39,1.311,XDS,30,100.0,2
1704,53,365687096,58,48,1.283,XDS,30,100.0,2
1705,21,256246607,24,14,0.478,XDS,30,95.0,1
1706,21,256243812,24,16,0.338,XDS,30,95.0,2
1707,21,256390909,24,18,0.174,XDS,30,95.0,2
1708,21,365768910,24,14,1.72,XDS,30,95.0,1
1709,29,365780029,34,32,2.439,XDS,30,96.0,3
1710,32,365780030,34,34,2.365,XDS,30,96.0,3
1711,10,260400380,10,10,0.561,XDS,10,,3
1712,10,260551416,10,10,0.162,XDS,10,,3
1713,37,255975584,37,37,0.151,XDS,10,,3
1714,37,256156539,37,37,0.044,XDS,10,,3
1715,47,332714431,53,50,0.233,XDS,30,100.0,3
1716,47,463606949,53,56,0.463,XDS,30,100.0,3
1717,47,256412497,53,43,1.092,XDS,30,100.0,2
1718,53,332600609,51,53,0.22,XDS,20,,3
1719,53,463610636,51,53,0.489,XDS,20,,3
1720,53,261071712,51,53,0.906,XDS,20,,3
1721,31,260414168,29,50,0.141,XDS,30,100.0,3
1722,31,261524613,29,18,0.249,XDS,30,100.0,1
1723,31,260665042,29,31,0.324,XDS,30,100.0,3
1724,31,260646354,29,21,0.071,XDS,30,100.0,2
1725,32,261177223,34,16,0.088,XDS,30,100.0,1
1726,32,260334285,34,34,0.068,XDS,30,100.0,3
1727,32,260448270,34,68,0.185,XDS,30,100.0,3
1728,32,332777778,34,16,0.398,XDS,30,100.0,1
1729,32,260623184,34,27,0.077,XDS,30,100.0,2
1730,27,332596006,32,32,0.126,XDS,30,100.0,3
1731,27,332595999,32,34,0.117,XDS,30,100.0,3
1732,27,332596000,32,31,0.045,XDS,30,100.0,3
1733,27,332586245,32,29,0.47,XDS,30,100.0,2
1734,27,332595979,32,26,0.039,XDS,30,100.0,2
1735,27,332595977,32,23,0.252,XDS,30,100.0,2
1736,27,332595978,32,26,0.264,XDS,30,100.0,2
1737,27,332595980,32,26,0.607,XDS,30,100.0,2
1738,27,332551020,32,29,0.056,XDS,30,100.0,2
1739,27,460613225,32,27,0.062,XDS,30,100.0,2
1740,27,460619202,32,27,0.032,XDS,30,100.0,2
1741,35,260540260,35,35,0.116,XDS,10,,3
1742,35,260538060,35,35,0.084,XDS,10,,3
1743,35,260639502,35,35,0.017,XDS,10,,3
1744,10,255855934,10,10,0.408,XDS,20,,3
1745,10,255934176,10,10,0.295,XDS,20,,3
1746,10,264177572,10,10,0.058,XDS,20,,3
1747,34,332599789,35,47,0.554,XDS,30,100.0,3
1748,34,332554749,35,34,0.267,XDS,30,100.0,3
1749,34,332480407,35,24,0.421,XDS,30,100.0,2
1750,34,332554791,35,21,0.042,XDS,30,100.0,1
1751,34,332639419,35,21,0.038,XDS,30,100.0,1
1752,34,332639435,35,19,0.276,XDS,30,100.0,1
1753,34,332639434,35,21,0.234,XDS,30,100.0,1
1754,34,332544147,35,27,0.209,XDS,30,100.0,2
1755,34,332639410,35,19,0.387,XDS,30,100.0,1
1756,34,332639429,35,31,0.185,XDS,30,100.0,2
1757,34,332639416,35,19,0.158,XDS,30,100.0,1
1758,34,332639423,35,31,0.214,XDS,30,100.0,2
1759,34,332521543,35,34,0.117,XDS,30,100.0,3
1760,34,332544148,35,21,0.134,XDS,30,100.0,1
1761,34,332520722,35,26,0.266,XDS,30,100.0,2
1762,34,332639414,35,35,0.276,XDS,30,100.0,3
1763,37,332639421,37,40,0.282,XDS,30,100.0,3
1764,37,332639433,37,35,0.23,XDS,30,100.0,3
1765,31,332760860,34,26,0.349,XDS,30,100.0,2
1766,31,332837443,34,26,0.404,XDS,30,100.0,2
1767,31,332760808,34,27,0.032,XDS,30,100.0,2
1768,31,332674936,34,27,0.03,XDS,30,100.0,2
1769,31,332674917,34,27,0.194,XDS,30,100.0,2
1770,31,332674918,34,27,0.182,XDS,30,100.0,2
1771,31,332674926,34,29,0.195,XDS,30,100.0,2
1772,31,332674946,34,43,0.171,XDS,30,100.0,3
1773,31,332674923,34,43,0.133,XDS,30,100.0,3
1774,31,332674940,34,43,0.074,XDS,30,100.0,3
1775,31,332674930,34,43,0.154,XDS,30,100.0,3
1776,31,332674945,34,43,0.093,XDS,30,100.0,3
1777,31,332674933,34,37,0.305,XDS,30,100.0,3
1778,31,332674919,34,32,0.252,XDS,30,100.0,3
1779,31,332771854,34,39,0.074,XDS,30,100.0,3
1780,31,332795864,34,34,0.209,XDS,30,100.0,3
1781,31,332795028,34,43,0.231,XDS,30,100.0,3
1782,51,332639773,58,16,0.376,XDS,30,100.0,0
1783,51,256834303,58,19,0.823,XDS,30,100.0,1
1784,51,260349843,58,51,0.332,XDS,30,100.0,2
1785,51,332639771,58,50,0.37,XDS,30,100.0,2
1786,51,260926454,58,64,0.367,XDS,30,100.0,3
1787,31,332674706,29,31,0.034,XDS,20,,3
1788,31,332674704,29,31,0.236,XDS,20,,3
1789,31,332639648,29,31,0.034,XDS,20,,3
1790,31,365693825,29,31,0.454,XDS,20,,3
1791,24,332639645,27,24,0.044,XDS,20,,2
1792,24,332639647,27,24,0.305,XDS,20,,2
1793,24,332674703,27,24,0.044,XDS,20,,2
1794,24,365693846,27,24,0.586,XDS,20,,2
1795,32,255607461,39,37,0.186,XDS,30,89.0,3
1796,32,255549726,39,27,0.271,XDS,30,89.0,2
1797,32,260235216,39,26,0.801,XDS,30,89.0,2
1798,32,260598206,39,26,0.508,XDS,30,89.0,2
1799,32,256434208,39,26,0.894,XDS,30,89.0,2
1800,32,260483796,39,31,0.277,XDS,30,89.0,2
1801,32,264176738,39,27,0.223,XDS,30,89.0,2
1802,32,256372391,39,8,0.72,XDS,30,89.0,0
1803,32,255583347,39,29,0.181,XDS,30,89.0,2
1804,19,260184912,23,13,0.991,XDS,30,100.0,1
1805,19,260555616,23,23,0.215,XDS,30,100.0,3
1806,19,260666048,23,31,0.196,XDS,30,100.0,3
1807,19,260695199,23,32,0.275,XDS,30,100.0,3
1808,19,260277754,23,31,0.215,XDS,30,100.0,3
1809,19,256582639,23,27,0.238,XDS,30,100.0,3
1810,19,255632642,23,24,0.286,XDS,30,100.0,3
1811,19,256383529,23,19,0.374,XDS,30,100.0,2
1812,19,261299705,23,16,0.328,XDS,30,100.0,2
1813,19,260162521,23,13,0.092,XDS,30,100.0,1
1814,19,260365436,23,11,0.728,XDS,30,100.0,1
1815,21,255699468,23,14,0.92,XDS,30,100.0,2
1816,21,256529066,23,23,0.215,XDS,30,100.0,3
1817,21,255735074,23,31,0.196,XDS,30,100.0,3
1818,21,256308637,23,34,0.259,XDS,30,100.0,3
1819,21,256353456,23,34,0.202,XDS,30,100.0,3
1820,21,260385056,23,31,0.207,XDS,30,100.0,3
1821,21,260166581,23,27,0.254,XDS,30,100.0,3
1822,21,260961474,23,21,0.338,XDS,30,100.0,3
1823,21,260655965,23,11,0.437,XDS,30,100.0,1
1824,21,260772099,23,14,0.094,XDS,30,100.0,2
1825,21,260365437,23,27,0.325,XDS,30,100.0,3
1826,32,332675128,32,37,0.227,XDS,30,53.0,3
1827,32,365734010,39,55,0.034,XDS,30,100.0,3
1828,32,332838643,35,35,0.193,XDS,30,100.0,3
1829,32,332639267,35,27,0.407,XDS,30,100.0,2
1830,32,332677899,35,31,0.11,XDS,30,100.0,2
1831,39,365656539,42,58,0.088,XDS,30,54.0,3
1832,24,256182381,26,13,0.318,XDS,30,100.0,1
1833,24,264179498,26,14,0.263,XDS,30,100.0,1
1834,24,256211743,26,19,0.314,XDS,30,100.0,2
1835,24,256516827,26,16,0.191,XDS,30,100.0,1
1836,24,260200438,26,14,0.263,XDS,30,100.0,1
1837,24,332480357,26,14,0.589,XDS,30,100.0,1
1838,24,332639269,26,27,0.41,XDS,30,100.0,3
1839,24,332615284,26,24,0.311,XDS,30,100.0,3
1840,24,332479163,26,23,0.674,XDS,30,100.0,2
1841,24,332639268,26,29,0.054,XDS,30,100.0,3
1842,24,332533609,26,23,0.362,XDS,30,100.0,2
1843,24,332480860,26,19,0.163,XDS,30,100.0,2
1844,24,256347911,26,23,0.507,XDS,30,100.0,2
1845,24,260135434,26,19,0.909,XDS,30,100.0,2
1846,23,260679679,27,21,0.197,XDS,30,100.0,2
1847,23,260593289,27,23,0.179,XDS,30,100.0,2
1848,23,260794039,27,23,0.273,XDS,30,100.0,2
1849,23,260131396,27,18,0.169,XDS,30,100.0,2
1850,23,255693118,27,18,0.205,XDS,30,100.0,2
1851,23,332837491,27,16,0.552,XDS,30,100.0,1
1852,23,332675112,27,21,0.546,XDS,30,100.0,2
1853,23,332699593,27,27,0.276,XDS,30,100.0,3
1854,23,332838664,27,31,0.5,XDS,30,100.0,3
1855,23,332675113,27,31,0.051,XDS,30,100.0,3
1856,23,332782910,27,21,0.396,XDS,30,100.0,2
1857,23,332836985,27,21,0.148,XDS,30,100.0,2
1858,23,260510062,27,26,0.447,XDS,30,100.0,3
1859,23,256133886,27,26,0.665,XDS,30,100.0,3
1860,13,365759075,21,13,0.056,XDS,20,,1
1861,13,332879137,21,13,0.293,XDS,20,,1
1862,18,365759094,18,11,0.067,XDS,30,99.0,2
1863,18,332439846,18,10,0.382,XDS,30,99.0,1
1864,26,261405397,27,26,0.123,XDS,20,,3
1865,26,260404370,27,26,0.141,XDS,20,,3
1866,26,332674981,27,26,0.245,XDS,20,,3
1867,26,260495277,27,26,0.157,XDS,20,,3
1868,26,332837702,27,26,0.324,XDS,20,,3
1869,26,332837709,27,26,0.316,XDS,20,,3
1870,31,255819308,31,31,0.103,XDS,20,,3
1871,31,255923634,31,31,0.118,XDS,20,,3
1872,31,332639379,31,31,0.206,XDS,20,,3
1873,31,256477228,31,31,0.132,XDS,20,,3
1874,31,332480145,31,31,0.272,XDS,20,,3
1875,31,332480138,31,31,0.265,XDS,20,,3
1876,21,255416979,18,11,3.354,XDS,30,94.0,2
1877,21,255831324,18,32,0.231,XDS,30,94.0,3
1878,21,255870118,18,19,0.384,XDS,30,94.0,3
1879,21,460605270,18,11,0.423,XDS,30,94.0,2
1880,23,332554777,26,31,0.08,XDS,30,100.0,3
1881,23,332480099,26,21,0.516,XDS,30,100.0,2
1882,23,332480142,26,24,0.315,XDS,30,100.0,3
1883,23,332639378,26,24,0.185,XDS,30,100.0,3
1884,23,365678642,26,23,0.471,XDS,30,100.0,2
1885,23,256275249,26,18,0.182,XDS,30,100.0,2
1886,23,256629951,26,19,0.27,XDS,30,100.0,2
1887,23,256477204,26,23,0.173,XDS,30,100.0,2
1888,23,255942561,26,23,0.104,XDS,30,100.0,2
1889,23,256080692,26,19,0.229,XDS,30,100.0,2
1890,23,255681400,26,11,0.439,XDS,30,100.0,1
1891,23,256493529,26,10,0.201,XDS,30,100.0,1
1892,23,332480083,26,26,0.157,XDS,30,100.0,3
1893,23,332760830,26,19,0.13,XDS,30,100.0,2
1894,23,332837748,26,23,0.471,XDS,30,100.0,2
1895,23,332837705,26,29,0.261,XDS,30,100.0,3
1896,23,332674982,26,29,0.153,XDS,30,100.0,3
1897,23,365678546,26,19,0.518,XDS,30,100.0,2
1898,23,260929233,26,19,0.154,XDS,30,100.0,2
1899,23,260363602,26,21,0.244,XDS,30,100.0,2
1900,23,260495302,26,24,0.159,XDS,30,100.0,3
1901,23,260946995,26,26,0.088,XDS,30,100.0,3
1902,23,260960962,26,26,0.176,XDS,30,100.0,3
1903,23,260641025,26,16,0.329,XDS,30,100.0,1
1904,23,260748755,26,11,0.182,XDS,30,100.0,1
1905,23,332837764,26,19,0.214,XDS,30,100.0,2
1906,35,365782704,35,35,0.145,XDS,10,,3
1907,24,260414143,26,24,0.261,XDS,20,,3
1908,14,406796950,18,14,0.188,XDS,20,,2
1909,27,431444824,27,27,0.341,XDS,20,,3
1910,27,332639362,27,27,0.181,XDS,20,,3
1911,27,332639365,27,27,0.223,XDS,20,,3
1912,27,332639363,27,27,0.179,XDS,20,,3
1913,27,332639359,27,27,0.303,XDS,20,,3
1914,27,256056983,27,27,0.246,XDS,20,,3
1915,27,365749537,27,27,0.104,XDS,20,,3
1916,35,365726876,35,35,0.019,XDS,10,,3
1917,27,332639357,27,27,0.341,XDS,30,0.0,3
1918,27,332675003,27,27,0.181,XDS,30,0.0,3
1919,27,332675000,27,27,0.223,XDS,30,0.0,3
1920,27,332675002,27,27,0.179,XDS,30,0.0,3
1921,27,332675007,27,27,0.303,XDS,30,0.0,3
1922,27,261210938,27,27,0.246,XDS,30,0.0,3
1923,27,365749519,27,27,0.104,XDS,30,0.0,3
1924,27,365726777,27,27,0.025,XDS,30,0.0,3
1925,13,255673568,13,13,0.227,XDS,20,,3
1926,26,332839413,26,37,0.242,XDS,30,100.0,3
1927,26,332879136,26,27,0.52,XDS,30,100.0,3
1928,34,332517341,35,45,0.199,XDS,30,100.0,3
1929,34,332439847,35,32,0.439,XDS,30,100.0,2
1930,24,256227303,29,35,0.176,XDS,30,100.0,3
1931,24,365719174,29,39,0.393,XDS,30,100.0,3
1932,24,460610188,29,18,0.789,XDS,30,100.0,1
1933,24,365642294,29,43,0.347,XDS,30,100.0,3
1934,24,365726458,29,18,0.039,XDS,30,100.0,1
1935,24,264177468,29,19,0.598,XDS,30,100.0,2
1936,27,365704017,31,23,1.755,XDS,30,100.0,2
1937,26,365703999,29,26,1.553,XDS,30,100.0,2
1938,13,264183072,16,11,1.064,XDS,30,100.0,2
1939,13,260329424,21,24,0.088,XDS,30,100.0,3
1940,19,260600165,23,18,0.278,XDS,30,100.0,2
1941,19,260510835,23,16,0.521,XDS,30,100.0,2
1942,19,255930805,23,19,0.598,XDS,30,100.0,2
1943,19,260346188,23,19,0.52,XDS,30,100.0,2
1944,19,406797239,23,19,0.893,XDS,30,100.0,2
1945,19,255927570,23,21,0.07,XDS,30,100.0,3
1946,11,365758480,13,13,0.137,XDS,30,100.0,3
1947,11,260619014,13,13,0.125,XDS,30,100.0,3
1948,18,332675206,21,24,0.219,XDS,30,100.0,3
1949,18,332764306,21,23,0.133,XDS,30,100.0,3
1950,18,365705293,21,18,0.201,XDS,30,100.0,2
1951,18,256007215,21,11,0.591,XDS,30,100.0,1
1952,18,332675207,21,14,0.215,XDS,30,100.0,2
1953,18,365753038,21,10,0.599,XDS,30,100.0,1
1954,18,256415879,21,27,0.265,XDS,30,100.0,3
1955,21,332639182,23,26,0.202,XDS,30,100.0,3
1956,21,332551432,23,23,0.139,XDS,30,100.0,3
1957,21,365705264,23,11,0.301,XDS,30,100.0,1
1958,21,260857405,23,18,0.394,XDS,30,100.0,2
1959,21,332639181,23,19,0.151,XDS,30,100.0,2
1960,21,365752979,23,26,0.239,XDS,30,100.0,3
1961,21,260660121,23,19,0.39,XDS,30,100.0,2
1962,10,332847483,32,10,0.064,XDS,20,,0
1963,10,332847485,32,10,0.144,XDS,20,,0
1964,10,332470536,13,10,0.064,XDS,20,,2
1965,10,332470534,13,10,0.144,XDS,20,,2
1966,21,256034035,24,19,0.286,XDS,30,100.0,2
1967,21,264207887,24,16,0.426,XDS,30,100.0,2
1968,21,365737663,24,16,0.056,XDS,30,100.0,2
1969,21,332639343,24,19,0.705,XDS,30,100.0,2
1970,21,332675033,24,24,0.232,XDS,30,100.0,3
1971,21,332639336,24,23,0.072,XDS,30,100.0,3
1972,21,332478967,24,21,0.603,XDS,30,100.0,2
1973,21,332521642,24,23,0.177,XDS,30,100.0,3
1974,21,332639335,24,18,0.336,XDS,30,100.0,2
1975,21,256368096,24,13,0.266,XDS,30,100.0,1
1976,21,332639368,24,23,0.016,XDS,30,100.0,3
1977,21,256313270,24,27,0.333,XDS,30,100.0,3
1978,21,255730223,24,27,0.172,XDS,30,100.0,3
1979,21,256577529,24,24,0.177,XDS,30,100.0,3
1980,21,255903985,24,24,0.656,XDS,30,100.0,3
1981,21,256209446,24,19,0.366,XDS,30,100.0,2
1982,21,332778591,24,23,0.238,XDS,30,100.0,3
1983,19,261007450,26,16,0.34,XDS,30,100.0,1
1984,19,260716371,26,11,0.568,XDS,30,100.0,1
1985,19,365737791,26,11,0.081,XDS,30,100.0,1
1986,19,332675026,26,23,0.609,XDS,30,100.0,2
1987,19,332639337,26,14,0.397,XDS,30,100.0,1
1988,19,332675034,26,14,0.118,XDS,30,100.0,1
1989,19,332838853,26,13,0.974,XDS,30,100.0,1
1990,19,332794932,26,23,0.185,XDS,30,100.0,2
1991,19,332675035,26,19,0.319,XDS,30,100.0,2
1992,19,261111888,26,16,0.216,XDS,30,100.0,1
1993,19,332674993,26,19,0.019,XDS,30,100.0,2
1994,19,261365822,26,24,0.375,XDS,30,100.0,3
1995,19,260334281,26,26,0.179,XDS,30,100.0,3
1996,19,260381818,26,26,0.163,XDS,30,100.0,3
1997,19,260987242,26,26,0.629,XDS,30,100.0,3
1998,19,260997721,26,18,0.407,XDS,30,100.0,2
1999,19,332537736,26,23,0.249,XDS,30,100.0,2
2000,23,260473206,26,26,0.247,XDS,30,100.0,3
2001,23,260691044,26,19,0.894,XDS,30,100.0,2
2002,23,260720974,26,26,0.151,XDS,30,100.0,3
2003,23,332675056,26,24,0.278,XDS,30,100.0,3
2004,23,260414165,26,26,0.069,XDS,30,100.0,3
2005,23,260831742,26,24,0.109,XDS,30,100.0,3
2006,23,260864888,26,26,0.391,XDS,30,100.0,3
2007,26,255616609,29,13,0.495,XDS,30,100.0,1
2008,26,256385584,29,19,0.941,XDS,30,100.0,2
2009,26,255921553,29,23,0.171,XDS,30,100.0,2
2010,26,256355421,29,23,0.29,XDS,30,100.0,2
2011,26,255712770,29,23,0.078,XDS,30,100.0,2
2012,26,264204650,29,23,0.114,XDS,30,100.0,2
2013,26,256173813,29,24,0.407,XDS,30,100.0,2
2014,21,332771934,24,31,0.025,XDS,30,100.0,3
2015,21,264183187,24,23,0.512,XDS,30,100.0,3
2016,21,256471363,24,21,0.808,XDS,30,52.0,2
2017,21,260630874,24,24,0.659,XDS,30,100.0,3
2018,21,260404890,24,34,0.313,XDS,30,100.0,3
2019,21,255753899,24,18,0.56,XDS,30,100.0,2
2020,19,332544079,21,13,0.06,XDS,30,100.0,1
2021,19,260486277,21,26,0.453,XDS,30,100.0,3
2022,19,260320078,21,14,0.586,XDS,30,100.0,2
2023,19,256365339,21,27,0.565,XDS,30,100.0,3
2024,19,256447849,21,14,0.739,XDS,30,100.0,2
2025,19,260348969,21,23,0.438,XDS,30,100.0,3
2026,26,332675192,27,11,0.058,XDS,30,100.0,1
2027,26,255455304,27,14,0.448,XDS,30,100.0,1
2028,26,255763248,27,26,0.317,XDS,30,100.0,3
2029,26,256082835,27,27,0.273,XDS,30,100.0,3
2030,26,260168968,27,26,0.308,XDS,30,100.0,3
2031,26,256447594,27,27,0.361,XDS,30,100.0,3
2032,26,260906876,27,27,0.376,XDS,30,100.0,3
2033,29,332639195,29,34,0.019,XDS,30,100.0,3
2034,29,261040833,29,31,0.209,XDS,30,100.0,3
2035,29,260479960,29,31,0.274,XDS,30,100.0,3
2036,29,261051108,29,27,0.283,XDS,30,100.0,3
2037,29,256263494,29,27,0.285,XDS,30,100.0,3
2038,29,260199261,29,27,0.348,XDS,30,100.0,3
2039,29,256168094,29,21,0.484,XDS,30,100.0,2
2040,21,332639220,27,16,0.048,XDS,30,100.0,1
2041,21,256298936,27,21,0.912,XDS,30,100.0,2
2042,21,256080188,27,24,0.038,XDS,30,100.0,2
2043,19,431442329,24,13,0.038,XDS,30,100.0,1
2044,19,260233336,24,21,0.429,XDS,30,100.0,2
2045,19,256145507,24,26,0.235,XDS,30,100.0,3
2046,19,365757627,24,26,0.425,XDS,30,100.0,3
2047,19,260962347,24,14,0.664,XDS,30,100.0,1
2048,27,332872021,29,13,0.212,XDS,30,100.0,1
2049,27,365618616,29,13,0.06,XDS,30,100.0,1
2050,27,365701240,29,19,0.074,XDS,30,100.0,2
2051,27,332872024,29,27,0.221,XDS,30,100.0,3
2052,27,332675596,29,29,0.152,XDS,30,100.0,3
2053,27,332675191,29,29,0.071,XDS,30,100.0,3
2054,27,332675190,29,29,0.259,XDS,30,100.0,3
2055,27,332837321,29,31,0.255,XDS,30,100.0,3
2056,27,332838704,29,31,0.287,XDS,30,100.0,3
2057,27,332639198,29,31,0.019,XDS,30,100.0,3
2058,27,332675188,29,31,0.427,XDS,30,100.0,3
2059,27,332675185,29,14,0.299,XDS,30,100.0,1
2060,27,332675184,29,24,0.147,XDS,30,100.0,2
2061,21,260395288,23,18,0.136,XDS,30,100.0,2
2062,21,261007449,23,19,0.124,XDS,30,100.0,2
2063,21,332675204,23,24,0.319,XDS,30,100.0,3
2064,21,332675205,23,19,0.379,XDS,30,100.0,2
2065,21,332675220,23,23,0.297,XDS,30,100.0,3
2066,21,332675219,23,23,0.189,XDS,30,100.0,3
2067,21,332675218,23,23,0.151,XDS,30,100.0,3
2068,21,260152803,23,31,0.462,XDS,30,100.0,3
2069,24,255692878,24,19,0.307,XDS,30,100.0,2
2070,24,256107714,24,10,0.545,XDS,30,100.0,1
2071,26,365670864,27,21,0.042,XDS,30,100.0,2
2072,26,332675209,27,23,0.274,XDS,30,100.0,2
2073,26,332675210,27,26,0.224,XDS,30,100.0,3
2074,26,332675211,27,24,0.285,XDS,30,100.0,2
2075,26,260387191,27,27,0.576,XDS,30,100.0,3
2076,26,332675212,27,26,0.199,XDS,30,100.0,3
2077,26,332675213,27,26,0.057,XDS,30,100.0,3
2078,26,332837287,27,29,0.505,XDS,30,100.0,3
2079,26,264197547,27,24,0.089,XDS,30,100.0,2
2080,26,260169825,27,26,0.192,XDS,30,100.0,3
2081,26,260180630,27,26,0.305,XDS,30,100.0,3
2082,21,332838689,26,16,0.473,XDS,30,100.0,1
2083,21,255702354,26,23,2.214,XDS,30,100.0,2
2084,21,406797263,26,26,2.037,XDS,30,100.0,3
2085,21,260126295,26,23,0.328,XDS,30,100.0,2
2086,21,264202754,26,24,1.378,XDS,30,100.0,3
2087,48,332638907,50,40,0.027,XDS,30,100.0,2
2088,48,365667682,50,43,0.498,XDS,30,100.0,2
2089,48,332546958,50,51,0.309,XDS,30,100.0,3
2090,48,256081666,50,50,0.767,XDS,30,100.0,3
2091,48,332513299,50,31,0.042,XDS,30,100.0,1
2092,48,332527851,50,26,0.184,XDS,30,100.0,1
2093,48,365705169,50,40,1.113,XDS,30,100.0,2
2094,48,332513298,50,27,0.234,XDS,30,100.0,1
2095,37,260332184,37,37,0.861,XDS,10,,3
2096,26,332760559,26,26,0.279,XDS,20,,3
2097,26,256868012,26,26,0.266,XDS,20,,3
2098,26,365697952,26,26,0.098,XDS,20,,3
2099,26,332715221,26,26,0.079,XDS,20,,3
2100,26,332715222,26,26,0.026,XDS,20,,3
2101,26,332599812,24,26,0.279,XDS,20,,3
2102,26,260291460,24,26,0.266,XDS,20,,3
2103,26,365697970,24,26,0.098,XDS,20,,3
2104,26,332599823,24,26,0.079,XDS,20,,3
2105,26,332599822,24,26,0.026,XDS,20,,3
2106,19,332715218,21,19,0.218,XDS,20,,2
2107,14,332599826,21,14,0.296,XDS,20,,2
2108,40,365658977,40,40,0.87,XDS,20,,3
2109,40,332715212,40,40,0.232,XDS,20,,3
2110,40,332722918,40,40,0.123,XDS,20,,3
2111,40,332782701,40,40,0.714,XDS,20,,3
2112,40,260612239,40,40,0.244,XDS,20,,3
2113,32,365658995,37,43,0.791,XDS,30,100.0,3
2114,32,332599834,37,26,0.371,XDS,30,100.0,2
2115,32,332592109,37,34,0.145,XDS,30,100.0,2
2116,32,365658023,37,40,0.696,XDS,30,100.0,3
2117,27,332619725,26,27,0.032,XDS,30,100.0,3
2118,27,332587220,26,29,0.206,XDS,30,100.0,3
2119,27,256181481,26,27,0.173,XDS,30,100.0,3
2120,27,255948346,26,26,0.179,XDS,30,100.0,3
2121,27,260762635,26,29,0.201,XDS,30,100.0,3
2122,27,255454234,26,29,0.14,XDS,30,100.0,3
2123,27,255965956,26,31,0.179,XDS,30,100.0,3
2124,32,365705050,34,32,0.343,XDS,30,100.0,3
2125,32,332591930,34,35,0.214,XDS,30,100.0,3
2126,53,332723294,48,53,0.076,XDS,20,,3
2127,47,332591733,48,47,0.086,XDS,20,,3
2128,18,256132621,16,13,0.238,XDS,30,100.0,2
2129,18,255956310,16,8,0.769,XDS,30,100.0,1
2130,18,256577472,16,26,0.564,XDS,30,100.0,3
2131,18,255979376,16,11,0.522,XDS,30,100.0,2
2132,18,255881760,16,11,0.126,XDS,30,100.0,2
2133,18,255595522,19,19,0.549,XDS,30,0.0,3
2134,18,260552875,19,19,0.546,XDS,30,0.0,3
2135,26,261085466,27,19,0.549,XDS,30,0.0,2
2136,26,264191301,27,19,0.546,XDS,30,0.0,2
2137,48,332446626,48,48,0.368,XDS,20,,3
2138,48,332552071,48,48,0.254,XDS,20,,3
2139,45,332872013,47,45,0.393,XDS,30,0.0,3
2140,45,332763639,47,45,0.271,XDS,30,0.0,3
2141,26,365640190,27,29,0.048,XDS,30,100.0,3
2142,26,365723327,27,31,0.307,XDS,30,100.0,3
2143,26,332524563,27,24,0.074,XDS,30,100.0,2
2144,26,365775816,27,23,0.174,XDS,30,100.0,2
2145,26,365775291,27,24,0.423,XDS,30,100.0,2
2146,26,365719607,27,24,0.017,XDS,30,100.0,2
2147,26,332524564,27,23,0.521,XDS,30,100.0,2
2148,26,332524558,27,14,0.366,XDS,30,100.0,1
2149,26,365652510,27,27,0.458,XDS,30,100.0,3
2150,26,332593942,27,26,0.256,XDS,30,100.0,3
2151,26,332524562,27,23,0.039,XDS,30,100.0,2
2152,23,365640317,24,27,0.052,XDS,30,100.0,3
2153,23,365723308,24,31,0.318,XDS,30,100.0,3
2154,23,332792070,24,21,0.084,XDS,30,100.0,2
2155,23,332721102,24,19,0.201,XDS,30,100.0,2
2156,23,365775293,24,18,0.563,XDS,30,100.0,2
2157,23,365719585,24,18,0.022,XDS,30,100.0,2
2158,23,332792069,24,16,0.716,XDS,30,100.0,2
2159,23,332792074,24,18,0.323,XDS,30,100.0,2
2160,23,365652435,24,26,0.495,XDS,30,100.0,3
2161,23,332788738,24,23,0.303,XDS,30,100.0,3
2162,23,332792071,24,21,0.042,XDS,30,100.0,2
2163,39,332587549,42,40,0.268,XDS,30,100.0,3
2164,39,332596248,42,40,0.203,XDS,30,100.0,3
2165,39,332596233,42,42,0.134,XDS,30,100.0,3
2166,39,332595207,42,39,0.133,XDS,30,100.0,2
2167,39,332533646,42,39,0.565,XDS,30,100.0,2
